Player,Team,Position,g,a,sog,sh%,Hit,blk
Connor McDavid,EDM,C,48,90,307,15.64,40,30
Nikita Kucherov,T.B,R,44,86,231,19.05,36,29
Nathan MacKinnon,COL,C,53,74,352,15.06,64,35
Macklin Celebrini,S.J,C,45,70,287,15.68,53,53
Mark Scheifele,WPG,C,36,67,175,20.57,32,47
Nick Suzuki,MTL,C,29,72,183,15.85,62,62
David Pastrnak,BOS,R,29,71,261,11.11,86,32
Martin Necas,COL,C,38,62,206,18.45,85,26
Leon Draisaitl,EDM,C,35,62,184,19.02,34,15
Jason Robertson,DAL,L,45,51,295,15.25,48,34
Evan Bouchard,EDM,D,21,74,221,9.5,29,101
Kyle Connor,WPG,L,39,53,274,14.23,36,19
Jack Eichel,VGK,C,27,63,260,10.38,35,40
Kirill Kaprizov,MIN,L,45,44,267,16.85,52,27
Jake Guentzel,T.B,C,38,50,219,17.35,39,41
Clayton Keller,UTA,R,26,62,225,11.56,8,32
Cole Caufield,MTL,R,51,37,258,19.77,50,21
Wyatt Johnston,DAL,C,45,41,206,21.84,56,55
Alex DeBrincat,DET,R,41,44,287,14.29,38,39
Matt Boldy,MIN,L,42,43,253,16.6,60,58
Artemi Panarin,"L.A, NYR",L,28,56,224,12.5,11,16
Tim Stützle,OTT,C,34,49,194,17.53,126,44
Zach Werenski,CBJ,D,22,59,260,8.46,30,94
Tage Thompson,BUF,C,40,41,270,14.81,85,48
Sebastian Aho,CAR,C,27,53,195,13.85,63,23
Mitch Marner,VGK,R,24,56,165,14.55,24,46
William Nylander,TOR,R,30,49,156,19.23,13,26
Cale Makar,COL,D,20,59,200,10,35,118
Mika Zibanejad,NYR,C,34,44,215,15.81,105,50
Lane Hutson,MTL,D,12,66,124,9.68,31,137
Mikko Rantanen,DAL,R,22,55,139,15.83,48,30
Jack Hughes,N.J,C,27,50,228,11.84,4,32
Quinn Hughes,"MIN, VAN",D,7,69,187,3.74,7,87
Lucas Raymond,DET,L,25,51,173,14.45,43,29
Filip Forsberg,NSH,L,40,35,246,16.26,124,33
Connor Bedard,CHI,C,30,45,226,13.27,31,27
Sidney Crosby,PIT,C,29,45,160,18.13,60,30
Ryan O'Reilly,NSH,C,25,49,154,16.23,17,66
Nick Schmaltz,UTA,C,33,41,204,16.18,23,52
Brandon Hagel,T.B,L,36,38,214,16.82,42,38
Rasmus Dahlin,BUF,D,19,55,195,9.74,67,79
Mark Stone,VGK,R,28,45,129,21.71,31,47
Adrian Kempe,L.A,R,36,37,226,15.93,127,39
Dylan Guenther,UTA,R,40,33,242,16.53,66,28
Juraj Slafkovský,MTL,L,30,43,181,16.57,105,78
Mathew Barzal,NYI,C,19,53,184,10.33,29,50
John Tavares,TOR,C,31,40,192,16.15,74,24
Nikolaj Ehlers,CAR,L,26,45,208,12.5,21,24
Jesper Bratt,N.J,L,22,49,178,12.36,74,24
Drake Batherson,OTT,R,33,38,167,19.76,122,22
Darren Raddysh,T.B,D,22,48,212,10.38,67,69
Andrei Svechnikov,CAR,R,31,39,204,15.2,148,16
Cutter Gauthier,ANA,L,41,28,283,14.49,64,20
Travis Konecny,PHI,R,27,41,169,15.98,108,38
Morgan Geekie,BOS,C,39,29,181,21.55,110,34
Gabriel Vilardi,WPG,C,30,38,149,20.13,20,35
Dylan Larkin,DET,C,34,33,227,14.98,46,33
Kirill Marchenko,CBJ,R,27,40,218,12.39,61,40
Trevor Zegras,PHI,C,26,41,167,15.57,46,28
Leo Carlsson,ANA,C,29,38,193,15.03,14,29
Steven Stamkos,NSH,C,42,24,206,20.39,89,36
Erik Karlsson,PIT,D,15,51,176,8.52,20,64
Alex Tuch,BUF,R,33,33,195,16.92,82,90
Nico Hischier,N.J,C,28,38,211,13.27,58,62
Seth Jarvis,CAR,C,32,34,224,14.29,81,27
Matthew Knies,TOR,L,23,43,140,16.43,152,32
Brock Nelson,COL,C,33,32,186,17.74,38,65
Bryan Rust,PIT,R,29,36,183,15.85,35,71
Pavel Zacha,BOS,C,30,35,130,23.08,64,26
Alex Ovechkin,WSH,L,32,32,243,13.17,134,16
Anthony Mantha,PIT,R,33,31,152,21.71,52,40
Robert Thomas,STL,C,25,39,102,24.51,10,40
Pavel Dorofeyev,VGK,R,37,27,229,16.16,27,28
Miro Heiskanen,DAL,D,9,54,148,6.08,21,132
Tom Wilson,WSH,R,30,32,153,19.61,179,54
Ivan Demidov,MTL,R,19,43,127,14.96,28,26
Evgeni Malkin,PIT,C,19,42,147,12.93,24,17
Sam Reinhart,FLA,C,29,32,166,17.47,59,40
Ivan Barbashev,VGK,L,23,38,133,17.29,137,37
Charlie McAvoy,BOS,D,11,50,111,9.91,79,129
John Carlson,"ANA, WSH",D,14,46,154,9.09,26,106
Jakob Chychrun,WSH,D,26,34,221,11.76,58,114
Moritz Seider,DET,D,10,50,187,5.35,128,180
Beckett Sennecke,ANA,R,23,37,197,11.68,97,24
Mikhail Sergachev,UTA,D,10,49,159,6.29,38,125
Brady Tkachuk,OTT,L,22,37,221,9.95,162,19
Dylan Cozens,OTT,C,28,31,205,13.66,215,24
Adam Fantilli,CBJ,C,24,35,214,11.21,139,51
Will Smith,S.J,C,24,35,166,14.46,16,12
Matthew Schaefer,NYI,D,23,36,222,10.36,40,111
Charlie Coyle,CBJ,C,20,38,142,14.08,111,53
Tomas Hertl,VGK,C,24,34,202,11.88,114,45
Tyler Bertuzzi,CHI,L,32,26,164,19.51,55,24
Sam Bennett,FLA,C,26,32,202,12.87,115,32
Dylan Strome,WSH,C,19,39,143,13.29,11,53
Jackson LaCombe,ANA,D,10,48,156,6.41,74,128
Patrick Kane,DET,R,16,41,169,9.47,21,24
Bo Horvat,NYI,C,31,26,226,13.72,51,38
Troy Terry,ANA,R,19,38,161,11.8,2,16
Alexis Lafrenière,NYR,L,24,33,162,14.81,84,42
Ryan Nugent-Hopkins,EDM,C,20,36,132,15.15,25,31
Luke Evangelista,NSH,R,12,44,176,6.82,21,21
Jordan Eberle,SEA,R,26,29,168,15.48,55,43
Roman Josi,NSH,D,13,42,181,7.18,24,101
Carter Verhaeghe,FLA,C,25,30,187,13.37,68,22
Josh Morrissey,WPG,D,14,41,145,9.66,36,118
Alexander Wennberg,S.J,C,18,37,94,19.15,28,93
Brad Marchand,FLA,L,27,27,138,19.57,36,16
Mats Zuccarello,MIN,R,15,39,122,12.3,16,26
Viktor Arvidsson,BOS,L,25,29,175,14.29,24,36
Ryan McLeod,BUF,C,14,40,90,15.56,16,34
Jake Sanderson,OTT,D,14,40,147,9.52,29,128
Vincent Trocheck,NYR,C,16,37,114,14.04,193,49
J.T. Miller,NYR,C,17,36,144,11.81,123,34
Auston Matthews,TOR,C,27,26,227,11.89,42,81
Adam Fox,NYR,D,9,44,91,9.89,24,74
William Eklund,S.J,L,15,38,177,8.47,72,51
Jackson Blake,CAR,R,22,31,174,12.64,13,34
Zach Hyman,EDM,L,31,21,159,19.5,56,18
Anthony Cirelli,T.B,C,23,29,125,18.4,50,47
Aliaksei Protas,WSH,"C, L",25,27,158,15.82,33,42
Josh Doan,BUF,R,25,27,169,14.79,78,31
Christian Dvorak,PHI,C,18,33,151,11.92,38,52
Joel Eriksson Ek,MIN,C,19,32,194,9.79,106,34
Elias Pettersson,VAN,C,15,36,132,11.36,67,108
Owen Tippett,PHI,R,28,23,221,12.67,166,50
Dylan Holloway,STL,L,22,29,162,13.58,129,41
Jack Quinn,BUF,R,20,31,191,10.47,52,25
Brock Faber,MIN,D,15,36,173,8.67,33,148
Jimmy Snuggerud,STL,R,21,30,169,12.43,71,39
Matvei Michkov,PHI,R,20,31,163,12.27,33,19
Nazem Kadri,"CGY, COL",C,16,34,213,7.51,50,30
Chris Kreider,ANA,L,22,28,139,15.83,69,20
Shayne Gostisbehere,CAR,D,13,37,117,11.11,29,63
Brayden Point,T.B,C,18,32,130,13.85,8,23
Matty Beniers,SEA,C,20,30,148,13.51,31,69
Claude Giroux,OTT,R,14,35,139,10.07,65,27
Marcus Johansson,MIN,L,15,34,107,14.02,34,20
Tyler Toffoli,S.J,C,19,30,172,11.05,48,31
Chandler Stephenson,SEA,C,16,33,93,17.2,20,57
Valeri Nichushkin,COL,R,17,32,159,10.69,55,27
Filip Hronek,VAN,D,8,41,137,5.84,133,100
Quinton Byfield,L.A,R,24,25,181,13.26,66,44
Taylor Hall,CAR,L,18,30,137,13.14,54,30
Rickard Rakell,PIT,R,24,24,166,14.46,71,43
Pavel Buchnevich,STL,L,20,28,142,14.08,30,40
Artturi Lehkonen,COL,L,21,27,152,13.82,45,33
Elias Lindholm,BOS,C,17,31,114,14.91,41,59
Brock Boeser,VAN,R,22,26,166,13.25,54,26
Vladimir Tarasenko,MIN,R,23,24,148,15.54,60,33
Rasmus Andersson,"CGY, VGK",D,17,30,177,9.6,37,150
Noah Cates,PHI,L,18,29,132,13.64,102,51
Noah Dobson,MTL,D,12,35,158,7.59,62,188
JJ Peterka,UTA,R,25,22,160,15.63,16,19
Jordan Kyrou,STL,R,18,28,173,10.4,14,28
Connor McMichael,WSH,"C, L",14,32,142,9.86,45,45
Shane Pinto,OTT,C,23,23,157,14.65,94,50
Bobby McMann,"SEA, TOR",C,29,17,183,15.85,165,27
Collin Graf,S.J,R,21,25,119,17.65,88,48
Matt Duchene,DAL,C,16,29,89,17.98,29,23
Jason Zucker,BUF,L,24,21,128,18.75,57,21
Mason Marchment,"CBJ, SEA",L,19,26,119,15.97,84,28
Matt Coronato,CGY,R,18,27,198,9.09,23,23
Ryan Leonard,WSH,R,20,25,153,13.07,124,25
Vince Dunn,SEA,D,11,33,179,6.15,27,86
Timo Meier,N.J,R,24,20,269,8.92,131,53
Roope Hintz,DAL,C,15,29,126,11.9,60,18
Lawson Crouse,UTA,L,24,20,140,17.14,212,52
Anton Lundell,FLA,C,18,26,138,13.04,75,35
Alex Laferriere,L.A,R,21,23,209,10.05,255,49
Logan Stankoven,CAR,C,21,23,166,12.65,50,22
Mikael Backlund,CGY,C,17,26,186,9.14,23,28
Connor Brown,N.J,R,18,25,116,15.52,25,37
Andrew Copp,DET,C,9,34,115,7.83,45,64
Ryan Hartman,MIN,R,23,20,167,13.77,64,95
Morgan Frost,CGY,C,22,21,140,15.71,59,39
Logan Cooley,UTA,C,24,19,102,23.53,54,27
Zach Benson,BUF,L,13,30,116,11.21,40,22
Anders Lee,NYI,L,19,23,201,9.45,91,37
Tommy Novak,PIT,C,16,26,130,12.31,12,34
Jake DeBrusk,VAN,L,23,19,219,10.5,66,34
Casey Mittelstadt,BOS,C,15,27,79,18.99,23,21
Bowen Byram,BUF,D,11,31,109,10.09,50,93
Dawson Mercer,N.J,C,20,22,158,12.66,33,47
Yegor Chinakhov,"CBJ, PIT",R,21,21,139,15.11,49,31
Mattias Ekholm,EDM,D,6,35,131,4.58,65,125
Mikael Granlund,ANA,C,19,22,117,16.24,32,41
Mattias Samuelsson,BUF,D,13,28,109,11.93,132,154
Simon Holmstrom,NYI,R,19,22,100,19,16,45
Mavrik Bourque,DAL,C,20,21,147,13.61,78,21
Mason McTavish,ANA,C,17,24,146,11.64,95,33
Frank Nazar,CHI,C,15,26,138,10.87,37,43
Justin Faulk,"DET, STL",D,16,24,148,10.81,70,132
Kevin Fiala,L.A,L,18,22,147,12.24,39,24
Jared McCann,SEA,L,20,20,117,17.09,40,25
Kaapo Kakko,SEA,R,13,27,78,16.67,30,12
Brandt Clarke,L.A,D,8,32,159,5.03,31,185
Sam Malinski,COL,D,8,32,164,4.88,46,95
Brayden Schenn,"NYI, STL",C,18,21,119,15.13,180,41
Oliver Ekman-Larsson,TOR,D,8,31,108,7.41,86,72
Shea Theodore,VGK,D,10,29,129,7.75,2,87
Peyton Krebs,BUF,C,12,27,93,12.9,201,41
Matias Maccelli,TOR,L,14,25,90,15.56,24,17
Anze Kopitar,L.A,C,12,26,101,11.88,33,61
Erik Haula,NSH,L,14,24,127,11.02,118,51
Boone Jenner,CBJ,C,13,25,132,9.85,147,66
Dougie Hamilton,N.J,D,12,26,203,5.91,87,77
Joel Farabee,CGY,L,20,18,142,14.08,49,52
Will Cuylle,NYR,L,20,18,157,12.74,302,68
Corey Perry,"L.A, T.B",R,17,20,113,15.04,30,20
Dmitry Orlov,S.J,D,3,34,91,3.3,123,77
Mike Matheson,MTL,D,7,30,114,6.14,59,150
Travis Sanheim,PHI,D,11,26,95,11.58,46,151
K'Andre Miller,CAR,D,8,29,123,6.5,101,79
Vasily Podkolzin,EDM,R,19,18,139,13.67,242,52
Oliver Kapanen,MTL,C,22,15,131,16.79,32,68
Matt Savoie,EDM,C,18,19,138,13.04,14,37
Jordan Staal,CAR,C,20,16,107,18.69,166,48
Jamie Benn,DAL,L,15,21,72,20.83,79,23
Sean Couturier,PHI,C,12,24,119,10.08,100,42
Morgan Rielly,TOR,D,11,25,141,7.8,35,114
Sean Monahan,CBJ,C,13,23,131,9.92,46,34
Max Domi,TOR,C,12,24,118,10.17,37,35
Jack Roslovic,EDM,C,21,15,141,14.89,46,27
John Marino,UTA,D,4,32,55,7.27,28,67
Eeli Tolvanen,SEA,R,12,24,141,8.51,187,81
Ryan Poehling,ANA,C,11,25,94,11.7,44,86
Kiefer Sherwood,"S.J, VAN",L,23,13,172,13.37,339,30
Thomas Harley,DAL,D,6,30,113,5.31,39,148
Ilya Mikheyev,CHI,R,18,18,123,14.63,31,23
Jake Neighbours,STL,L,15,21,86,17.44,152,36
Brent Burns,COL,D,12,23,172,6.98,20,91
Blake Coleman,CGY,L,20,15,176,11.36,152,48
Jean-Gabriel Pageau,NYI,C,17,18,82,20.73,115,51
Gabriel Landeskog,COL,L,14,21,132,10.61,86,32
Teuvo Teravainen,CHI,C,14,21,89,15.73,21,43
Jacob Trouba,ANA,D,10,25,166,6.02,143,150
Tony DeAngelo,NYI,D,5,30,148,3.38,33,70
Michael Amadio,OTT,R,15,20,96,15.63,105,51
Ryan Shea,PIT,D,6,29,72,8.33,38,92
Vladislav Gavrikov,NYR,D,14,21,120,11.67,50,105
Parker Kelly,COL,C,21,14,103,20.39,177,58
Linus Karlsson,VAN,C,15,20,116,12.93,83,22
Marco Rossi,"MIN, VAN",C,12,23,66,18.18,47,29
Justin Sourdif,WSH,"C, R",15,20,108,13.89,98,40
Ridly Greig,OTT,C,13,22,128,10.16,96,52
Luke Hughes,N.J,D,6,29,149,4.03,19,52
Fraser Minten,BOS,C,17,18,115,14.78,142,51
Ben Kindel,PIT,C,17,18,151,11.26,30,57
Kris Letang,PIT,D,3,31,104,2.88,95,93
Matthew Tkachuk,FLA,L,13,21,88,14.77,29,7
Justin Brazeau,PIT,R,17,17,104,16.35,90,44
Josh Norris,BUF,C,13,21,69,18.84,24,27
Philip Broberg,STL,D,6,28,98,6.12,35,98
Alex Killorn,ANA,L,15,18,148,10.14,70,30
Andre Burakovsky,CHI,L,11,22,86,12.79,18,35
Michael Bunting,"DAL, NSH",L,14,19,126,11.11,45,25
Conor Garland,"CBJ, VAN",R,12,21,137,8.76,45,32
Sam Steel,DAL,C,12,21,82,14.63,79,29
Eetu Luostarinen,FLA,C,11,22,107,10.28,121,56
Fabian Zetterlund,OTT,L,17,16,132,12.88,155,32
Alexander Nikishin,CAR,D,11,22,122,9.02,132,94
Marat Khusnutdinov,BOS,C,15,18,78,19.23,42,39
Gage Goncalves,T.B,C,11,22,77,14.29,85,29
Cole Sillinger,CBJ,C,8,25,136,5.88,112,44
Esa Lindell,DAL,D,6,26,83,7.23,30,179
Damon Severson,CBJ,D,8,24,93,8.6,39,86
Oliver Bjorkstrand,T.B,R,12,20,130,9.23,85,39
Seth Jones,FLA,D,7,25,88,7.95,47,61
Brandon Montour,SEA,D,11,21,175,6.29,75,78
A.J. Greer,FLA,L,17,15,104,16.35,203,29
Trevor Moore,L.A,L,13,19,159,8.18,57,37
Nicholas Robertson,TOR,L,16,16,127,12.6,75,36
Dmitri Voronkov,CBJ,L,17,15,109,15.6,105,27
Jamie Drysdale,PHI,D,8,24,101,7.92,16,94
Cole Perfetti,WPG,C,12,20,136,8.82,54,33
Mackie Samoskevich,FLA,R,12,20,160,7.5,136,33
James van Riemsdyk,DET,L,15,16,99,15.15,15,28
Evander Kane,VAN,L,13,18,170,7.65,111,28
Josh Manson,COL,D,5,26,128,3.91,174,99
Jonathan Marchessault,NSH,R,12,19,132,9.09,75,9
Victor Olofsson,"CGY, COL",L,13,18,147,8.84,18,21
Thomas Chabot,OTT,D,7,24,99,7.07,36,111
Ivan Provorov,CBJ,D,9,22,157,5.73,28,134
Evan Rodrigues,FLA,C,11,20,160,6.88,63,26
Michael Carcone,UTA,L,16,15,147,10.88,147,16
Sean Walker,CAR,D,9,22,176,5.11,141,125
Jordan Spence,OTT,D,7,24,108,6.48,55,59
Arseny Gritsyuk,N.J,R,13,18,149,8.72,58,18
Emil Heineman,NYI,L,22,9,173,12.72,247,54
Denton Mateychuk,CBJ,D,13,18,88,14.77,26,92
Cam Fowler,STL,D,4,26,91,4.4,9,72
Ryan Donato,CHI,C,15,15,122,12.3,78,21
Parker Wotherspoon,PIT,D,3,27,70,4.29,162,112
Connor Dewar,PIT,C,14,16,110,12.73,144,46
Bobby Brink,"MIN, PHI",R,15,15,104,14.42,80,39
Artem Zub,OTT,D,5,25,92,5.43,66,120
Zachary Bolduc,MTL,R,12,18,101,11.88,170,43
Calum Ritchie,NYI,C,13,17,80,16.25,17,34
Matthew Wood,NSH,R,17,13,103,16.5,53,25
Emmitt Finnie,DET,C,13,17,120,10.83,131,41
Justin Hryckowian,DAL,C,14,16,83,16.87,119,44
Jonathan Toews,WPG,C,11,18,104,10.58,17,34
Jordan Martinook,CAR,L,12,17,109,11.01,112,50
Alex Iafallo,WPG,L,13,16,113,11.5,120,56
Charle-Edouard D'Astous,T.B,D,6,23,80,7.5,96,74
Pius Suter,STL,C,13,16,95,13.68,41,24
Rasmus Sandin,WSH,D,5,24,90,5.56,88,127
Yegor Sharangovich,CGY,C,15,14,142,10.56,21,31
Drew O'Connor,VAN,L,17,12,136,12.5,77,26
J.J. Moser,T.B,D,7,22,111,6.31,61,91
Owen Power,BUF,D,8,21,120,6.67,30,95
Ryan Greene,CHI,C,12,17,109,11.01,50,37
Easton Cowan,TOR,R,11,18,93,11.83,71,32
David Perron,"DET, OTT",L,13,15,93,13.98,90,23
Yanni Gourde,T.B,C,9,19,114,7.89,115,31
MacKenzie Weegar,"CGY, UTA",D,4,24,154,2.6,167,175
J.T. Compher,DET,L,11,17,95,11.58,22,54
Gustav Forsling,FLA,D,2,26,112,1.79,52,98
Noah Hanifin,VGK,D,3,25,135,2.22,36,116
Anthony Beauvillier,WSH,"L, R",15,13,155,9.68,93,48
John Klingberg,S.J,D,10,17,79,12.66,46,62
Anthony Duclair,NYI,L,12,15,74,16.22,9,42
Ryan Pulock,NYI,D,3,24,93,3.23,49,147
Sean Durzi,UTA,D,5,22,82,6.1,40,88
Martin Fehérváry,WSH,D,5,22,73,6.85,110,174
Jack Drury,COL,C,10,17,99,10.1,46,56
Noah Ostlund,BUF,C,11,16,60,18.33,5,30
Shane Wright,SEA,C,12,15,97,12.37,51,59
Danila Yurov,MIN,R,12,15,79,15.19,62,43
Gabe Perreault,NYR,R,12,15,73,16.44,25,22
Reilly Smith,VGK,R,16,10,95,16.84,25,13
Jaden Schwartz,SEA,L,11,15,82,13.41,32,41
Hampus Lindholm,BOS,D,5,21,100,5,12,103
Brady Skjei,NSH,D,3,23,111,2.7,70,84
Aaron Ekblad,FLA,D,4,22,97,4.12,84,103
Logan Stanley,"BUF, WPG",D,9,17,96,9.38,110,84
Mathieu Olivier,CBJ,R,15,11,94,15.96,209,42
Cody Glass,N.J,C,19,7,105,18.1,42,40
Cam York,PHI,D,4,22,89,4.49,24,145
Mason Lohrei,BOS,D,7,19,72,9.72,30,93
Simon Nemec,N.J,D,11,15,101,10.89,23,104
Braeden Bowman,VGK,R,8,18,75,10.67,19,24
Zeev Buium,"MIN, VAN",D,6,20,73,8.22,28,55
Jonathan Huberdeau,CGY,L,10,15,84,11.9,30,30
Adam Larsson,SEA,D,7,18,106,6.6,110,163
Joel Armia,L.A,R,13,12,91,14.29,74,40
Jake McCabe,TOR,D,5,20,77,6.49,104,190
Nicolas Roy,"COL, TOR",C,8,17,76,10.53,71,40
Noel Acciari,PIT,C,13,12,93,13.98,65,62
Adam Gaudette,S.J,R,17,8,96,17.71,53,33
Barrett Hayton,UTA,C,10,15,118,8.47,34,29
Jack McBain,UTA,C,9,16,106,8.49,271,43
Alex Newhook,MTL,C,13,12,61,21.31,48,17
Louis Crevier,CHI,D,7,18,114,6.14,124,95
Connor Zary,CGY,C,12,13,110,10.91,45,17
Simon Edvinsson,DET,D,9,16,88,10.23,94,148
Andrei Kuzmenko,L.A,L,13,12,69,18.84,18,14
Jonathan Drouin,"NYI, STL",L,4,20,87,4.6,18,32
Darnell Nurse,EDM,D,7,17,164,4.27,137,167
Frederic Gaudreau,SEA,C,7,17,70,10,35,52
Devon Toews,COL,D,3,21,115,2.61,26,83
Jake Evans,MTL,C,12,12,75,16,89,50
Ross Colton,COL,C,9,15,153,5.88,159,25
Nick Blankenburg,"COL, NSH",D,8,16,72,11.11,55,59
Ethen Frank,WSH,"C, R",12,12,91,13.19,53,44
Noah Laba,NYR,C,9,15,73,12.33,109,43
Artyom Levshunov,CHI,D,2,22,84,2.38,98,73
Ian Cole,UTA,D,3,20,62,4.84,73,151
Drew Doughty,L.A,D,5,18,101,4.95,52,76
Brendan Gallagher,MTL,R,7,16,119,5.88,98,20
Nick Cousins,OTT,C,9,14,79,11.39,169,41
Joel Edmundson,L.A,D,2,21,104,1.92,97,111
Josh Anderson,MTL,R,14,9,89,15.73,129,43
Yakov Trenin,MIN,C,6,17,98,6.12,412,39
Kailer Yamamoto,UTA,R,13,10,60,21.67,47,19
Mario Ferraro,S.J,D,7,16,94,7.45,138,149
Morgan Barron,WPG,C,11,12,92,11.96,132,40
Jared Spurgeon,MIN,D,6,16,90,6.67,82,137
Sean Kuraly,BOS,C,6,16,110,5.45,87,47
Nate Schmidt,UTA,D,5,17,86,5.81,78,95
Nikita Zadorov,BOS,D,2,20,106,1.89,196,102
Alexandre Carrier,MTL,D,7,15,56,12.5,35,155
Brett Howden,VGK,C,12,10,65,18.46,100,19
Tanner Jeannot,BOS,L,6,16,78,7.69,239,58
Mark Kastelic,BOS,C,12,10,101,11.88,215,64
Pontus Holmberg,T.B,R,11,11,91,12.09,66,31
Jonatan Berggren,"DET, STL",R,8,14,58,13.79,41,14
Tye Kartye,"NYR, SEA",L,8,14,56,14.29,173,41
Kent Johnson,CBJ,C,7,15,113,6.19,15,38
Olen Zellweger,ANA,D,7,15,119,5.88,33,85
Pavel Mintyukov,ANA,D,8,14,79,10.13,39,112
Ryan McDonagh,T.B,D,6,15,39,15.38,19,76
Nic Dowd,"VGK, WSH",C,5,16,66,7.58,140,50
Adam Lowry,WPG,C,5,16,71,7.04,150,48
Ryan Strome,"ANA, CGY",C,8,13,57,14.04,22,15
Mark Jankowski,CAR,L,11,10,63,17.46,45,45
Alexandre Texier,"MTL, STL",L,8,13,74,10.81,65,15
Alex Vlasic,CHI,D,2,19,86,2.33,29,119
Dalibor Dvorsky,STL,R,12,9,92,13.04,77,24
Axel Sandin-Pellikka,DET,D,7,14,68,10.29,17,54
Tom Willander,VAN,D,5,16,59,8.47,35,78
Michael Misa,S.J,C,9,12,56,16.07,14,23
Scott Laughton,"L.A, TOR",C,13,7,95,13.68,120,42
Zemgus Girgensons,T.B,C,9,11,89,10.11,195,44
Jake Walman,EDM,D,8,12,96,8.33,15,90
Mikey Anderson,L.A,D,4,16,61,6.56,111,133
Philipp Kurashev,S.J,C,7,13,62,11.29,40,14
Matvei Gridin,CGY,R,6,14,70,8.57,11,28
Nino Niederreiter,WPG,R,8,11,84,9.52,70,20
Dylan DeMelo,WPG,D,3,16,74,4.05,115,109
Matt Roy,WSH,D,2,17,93,2.15,116,146
Taylor Raddysh,NYR,R,9,10,52,17.31,49,40
Samuel Girard,"COL, PIT",D,3,16,41,7.32,21,58
Pierre-Luc Dubois,WSH,"C, L",5,14,42,11.9,23,13
Blake Lizotte,PIT,C,7,12,49,14.29,49,35
Marco Kasper,DET,C,9,10,131,6.87,186,51
Max Sasson,VAN,C,13,6,61,21.31,30,36
Oliver Moore,CHI,C,5,14,57,8.77,25,13
Igor Chernyshov,S.J,L,9,10,46,19.57,17,13
Kyle Palmieri,NYI,C,6,12,71,8.45,19,9
Casey Cizikas,NYI,C,10,8,79,12.66,153,57
Jonas Brodin,MIN,D,4,14,76,5.26,10,126
Colton Parayko,STL,D,4,14,105,3.81,95,172
Vinnie Hinostroza,"FLA, MIN",C,6,12,65,9.23,41,27
William Carrier,CAR,L,7,11,80,8.75,172,18
Conor Sheary,NYR,L,7,11,81,8.64,22,37
Marcus Pettersson,VAN,D,3,15,65,4.62,79,136
Dakota Joshua,TOR,C,10,8,52,19.23,195,32
Kevin Stenlund,UTA,C,4,14,66,6.06,43,61
Steven Lorentz,TOR,C,7,11,70,10,155,48
Michael Eyssimont,BOS,C,8,10,109,7.34,54,21
Eric Robinson,CAR,L,12,6,84,14.29,90,13
Kevin Bahl,CGY,D,4,14,57,7.02,114,99
Matthew Robertson,NYR,D,6,12,79,7.59,107,80
Braden Schneider,NYR,D,2,16,102,1.96,163,140
Tyler Kleven,OTT,D,3,15,90,3.33,126,95
Ryan Winterton,SEA,C,4,14,87,4.6,74,33
Liam Ohgren,"MIN, VAN",L,8,10,87,9.2,69,41
Adam Klapka,CGY,R,6,12,80,7.5,295,51
Max Shabanov,NYI,R,5,13,57,8.77,27,16
Victor Hedman,T.B,D,1,16,50,2,19,44
Brian Dumoulin,L.A,D,2,15,61,3.28,36,89
Nick Jensen,OTT,D,4,13,36,11.11,38,65
Tyler Seguin,DAL,C,7,10,31,22.58,18,6
Connor Murphy,"CHI, EDM",D,5,12,70,7.14,90,138
Phillip Danault,"L.A, MTL",C,6,11,91,6.59,63,40
Radek Faksa,DAL,C,2,15,38,5.26,78,44
Oskar Sundqvist,STL,C,5,12,37,13.51,69,26
Teddy Blueger,VAN,C,9,8,51,17.65,55,16
Michael McCarron,"MIN, NSH",C,8,9,109,7.34,205,77
Jason Dickinson,"CHI, EDM",C,7,10,73,9.59,85,50
Kasperi Kapanen,EDM,R,8,9,65,12.31,75,18
Warren Foegele,"L.A, OTT",L,13,4,106,12.26,74,19
Keegan Kolesar,VGK,R,6,11,67,8.96,270,43
Jalen Chatfield,CAR,D,2,15,99,2.02,36,63
Zach Whitecloud,"CGY, VGK",D,2,15,67,2.99,124,140
Tyler Tucker,STL,D,3,14,67,4.48,100,51
Cole Koepke,WPG,L,8,9,86,9.3,186,19
Tyson Foerster,PHI,R,13,4,61,21.31,27,25
Wyatt Kaiser,CHI,D,6,11,75,8,45,69
Fedor Svechkov,NSH,C,4,13,70,5.71,60,29
Ryker Evans,SEA,D,8,9,46,17.39,48,75
Denver Barkey,PHI,C,5,12,43,11.63,43,19
Berkly Catton,SEA,C,7,10,78,8.97,8,30
Sam Carrick,"BUF, NYR",C,9,7,75,12,106,35
Adam Pelech,NYI,D,4,12,122,3.28,66,125
Jonny Brodzinski,NYR,C,6,10,63,9.52,47,19
Jake Middleton,MIN,D,2,14,62,3.23,87,117
Andrew Mangiapane,"CHI, EDM",L,8,8,58,13.79,65,28
Jonas Siegenthaler,N.J,D,0,16,60,0,92,135
Tyson Jost,NSH,C,8,8,94,8.51,67,31
Kaedan Korczak,VGK,D,3,13,59,5.08,102,95
Hendrix Lapierre,WSH,C,4,12,53,7.55,49,22
Adam Wilsby,NSH,D,1,15,59,1.69,28,47
Alex Steeves,BOS,C,9,7,55,16.36,144,27
Nick Foligno,"CHI, MIN",L,4,11,49,8.16,129,33
Lars Eller,OTT,C,5,10,67,7.46,50,34
Adam Henrique,EDM,C,3,12,91,3.3,34,75
Ben Chiarot,DET,D,5,10,102,4.9,170,160
Brenden Dillon,N.J,D,3,12,55,5.45,202,103
Colin Blackwell,DAL,C,4,11,61,6.56,112,37
Ondrej Palat,"N.J, NYI",L,5,10,83,6.02,133,67
Scott Mayfield,NYI,D,2,13,70,2.86,75,82
Jamie Oleksiak,SEA,D,5,10,77,6.49,112,106
Tanner Pearson,"BUF, WPG",L,7,8,52,13.46,74,27
Olli Määttä,"CGY, UTA",D,2,13,34,5.88,3,62
Ben Hutton,VGK,D,6,9,71,8.45,28,55
Nick Paul,T.B,L,7,8,68,10.29,74,22
Will Borgen,NYR,D,5,10,69,7.25,111,99
Nicolas Hague,NSH,D,3,12,57,5.26,76,54
Henri Jokiharju,BOS,D,2,13,40,5,27,37
Paul Cotter,N.J,L,9,6,61,14.75,192,22
Cole Reinhardt,"FLA, VGK",L,9,6,49,18.37,129,16
Kirby Dach,MTL,C,8,7,47,17.02,53,30
Drew Helleson,ANA,D,2,13,39,5.13,63,79
Ben Meyers,SEA,C,7,8,61,11.48,66,14
Dominic James,T.B,C,7,8,56,12.5,58,13
Nick Lardis,CHI,L,10,5,57,17.54,57,12
Uvis Balinskis,FLA,D,5,10,66,7.58,71,42
Vladislav Namestnikov,WPG,C,8,6,77,10.39,76,37
Miles Wood,CBJ,L,8,6,71,11.27,63,19
Rasmus Ristolainen,PHI,D,1,13,58,1.72,48,63
Ross Johnston,ANA,L,3,11,33,9.09,192,16
Trevor van Riemsdyk,WSH,D,3,11,44,6.82,12,97
Mason Appleton,DET,C,6,8,63,9.52,89,29
Beck Malenstyn,BUF,L,7,7,72,9.72,282,75
Andrew Peeke,BOS,D,5,9,82,6.1,105,135
Troy Stecher,"EDM, TOR",D,3,11,64,4.69,30,79
Michael Rasmussen,DET,C,6,8,65,9.23,64,63
Dylan Samberg,WPG,D,1,13,86,1.16,53,115
Alex Turcotte,L.A,C,3,11,67,4.48,51,34
Aatu Räty,VAN,C,4,10,65,6.15,165,16
Sam Rinzel,CHI,D,4,10,83,4.82,49,63
Nikita Grebenkin,PHI,R,4,10,32,12.5,86,17
Sam Dickinson,S.J,D,1,13,72,1.39,74,69
Marcus Foligno,MIN,L,8,5,65,12.31,180,47
Radko Gudas,ANA,D,2,11,63,3.17,164,88
Jeff Skinner,S.J,L,6,7,56,10.71,17,11
Alexander Kerfoot,UTA,C,7,6,28,25,30,27
Jeremy Lauzon,VGK,D,1,12,73,1.37,251,97
Carl Grundstrom,PHI,R,9,4,56,16.07,140,23
Jesper Boqvist,FLA,C,4,9,64,6.25,141,33
Nick Perbix,NSH,D,3,10,79,3.8,31,95
Jonathan Aspirot,BOS,D,3,10,46,6.52,86,83
Elmer Soderblom,"DET, PIT",L,7,6,69,10.14,99,18
Emil Andrae,PHI,D,2,11,36,5.56,68,58
Colton Dach,"CHI, EDM",C,5,8,58,8.62,219,29
Logan Mailloux,STL,D,5,8,80,6.25,93,56
Gavin Brindley,COL,C,6,7,62,9.68,37,15
Gustav Nyquist,WPG,R,1,11,62,1.61,28,19
Brayden McNabb,VGK,D,5,7,81,6.17,110,143
Barclay Goodrow,S.J,C,5,7,65,7.69,140,60
Matt Grzelcyk,CHI,D,0,12,68,0,28,54
Brett Kulak,"COL, EDM, PIT",D,1,11,95,1.05,19,108
Carson Soucy,"NYI, NYR",D,5,7,62,8.06,105,91
Danton Heinen,"CBJ, PIT",L,6,6,44,13.64,54,24
Neal Pionk,WPG,D,3,9,96,3.13,111,75
Isac Lundeström,CBJ,C,4,8,53,7.55,35,35
Ty Emberson,EDM,D,2,10,46,4.35,107,107
Oskar Bäck,DAL,C,5,7,42,11.9,29,37
Jayden Struble,MTL,D,2,10,26,7.69,115,32
Cole Smith,"NSH, VGK",R,8,4,69,11.59,173,18
Yan Kuznetsov,CGY,D,4,8,64,6.25,79,102
Shakir Mukhamadullin,S.J,D,5,7,49,10.2,35,63
Ian Moore,ANA,D,4,8,66,6.06,42,80
Emil Lilleberg,T.B,D,4,8,43,9.3,96,45
Tyler Myers,"DAL, VAN",D,1,10,88,1.14,85,121
Colton Sissons,VGK,C,6,5,74,8.11,93,46
Nathan Walker,STL,L,4,7,39,10.26,179,35
Erik Cernak,T.B,D,3,8,53,5.66,112,99
Mathieu Joseph,"L.A, STL",R,2,9,36,5.56,115,34
Niko Mikkola,FLA,D,3,8,68,4.41,116,81
Dante Fabbro,CBJ,D,5,6,68,7.35,65,120
Timothy Liljegren,"S.J, WSH",D,1,10,39,2.56,38,90
Alexey Toropchenko,STL,R,4,7,68,5.88,132,56
Ty Dellandrea,S.J,C,2,9,50,4,130,37
Nils Lundkvist,DAL,D,3,8,46,6.52,26,48
Nico Sturm,MIN,C,5,6,37,13.51,55,19
Albert Johansson,DET,D,3,8,61,4.92,56,93
Kaiden Guhle,MTL,D,2,9,40,5,86,63
Ryan Ufko,NSH,D,2,9,11,18.18,10,13
Stephen Halliday,OTT,C,4,7,34,11.76,30,8
Alex Petrovic,DAL,D,2,8,57,3.51,88,77
Nick Seeler,PHI,D,4,6,94,4.26,126,149
Noah Juulsen,PHI,D,1,9,26,3.85,104,45
Rodrigo Abols,PHI,C,3,7,43,6.98,50,24
Luke Kunin,FLA,C,4,6,49,8.16,123,47
Jeffrey Viel,"ANA, BOS",L,3,7,62,4.84,121,21
Spencer Stastney,"EDM, NSH",D,2,8,56,3.57,13,63
Max Crozier,T.B,D,1,9,46,2.17,40,31
Isak Rosen,"BUF, WPG",R,6,4,35,17.14,17,20
Joel Nystrom,CAR,D,1,9,43,2.33,10,22
Zakhar Bardakov,COL,C,1,9,35,2.86,50,22
Pavol Regenda,S.J,L,9,1,42,21.43,59,6
Elias Pettersson,VAN,D,3,7,46,6.52,136,85
Otto Stenberg,STL,C,3,7,31,9.68,49,15
Cole Hutson,WSH,D,3,7,22,13.64,16,6
Porter Martone,PHI,R,4,6,32,12.5,16,2
Jeff Petry,"FLA, MIN",D,0,9,54,0,66,65
Nick Bjugstad,"N.J, STL",C,6,3,77,7.79,108,33
Mike Reilly,CAR,D,1,8,63,1.59,18,37
Brandon Saad,VGK,L,3,6,78,3.85,11,18
Luke Glendening,"N.J, PHI",C,2,7,50,4,97,53
Cody Ceci,L.A,D,1,8,59,1.69,37,113
Frank Vatrano,ANA,R,5,4,79,6.33,84,28
Ryan Lomberg,CGY,L,4,5,53,7.55,129,17
Ryan Lindgren,SEA,D,2,7,48,4.17,47,117
Noah Gregor,FLA,L,4,5,42,9.52,37,11
Brandon Duhaime,WSH,"L, R",4,5,64,6.25,159,57
Jesperi Kotkaniemi,CAR,C,2,7,42,4.76,63,18
Ilya Lyubushkin,DAL,D,1,8,33,3.03,68,90
Joel Kiviranta,COL,L,3,6,50,6,63,15
Nikita Nesterenko,ANA,C,1,8,31,3.23,53,8
Justin Barron,NSH,D,0,9,31,0,37,60
Alexander Holtz,VGK,R,3,6,30,10,29,11
Jeff Malott,L.A,L,3,6,54,5.56,166,27
Samuel Helenius,L.A,C,5,4,38,13.16,144,17
Alex Bump,PHI,L,5,4,22,22.73,16,7
Zayne Parekh,CGY,D,4,5,49,8.16,15,30
Anton Frondell,CHI,C,3,6,36,8.33,8,13
Calle Jarnkrok,TOR,C,6,2,45,13.33,33,11
Kevin Hayes,PIT,R,4,4,45,8.89,32,10
Jaccob Slavin,CAR,D,1,7,63,1.59,6,54
Mattias Janmark,EDM,C,1,7,24,4.17,10,13
Adam Erne,DAL,L,6,2,43,13.95,142,20
Sonny Milano,WSH,L,4,4,33,12.12,9,3
Sammy Blais,"MTL, TOR",L,3,5,18,16.67,78,12
Jansen Harkins,ANA,C,3,5,37,8.11,113,24
Conor Timmins,BUF,D,0,8,44,0,29,81
Nick DeSimone,UTA,D,2,6,35,5.71,19,31
Johnathan Kovacevic,N.J,D,0,8,30,0,57,39
Jacob Bryson,"BUF, WPG",D,2,6,22,9.09,14,29
Lukas Reichel,"BOS, CHI, VAN",L,3,5,24,12.5,8,16
Donovan Sebrango,"FLA, OTT",D,0,8,33,0,77,32
Ilya Solovyov,"COL, PIT",D,1,7,23,4.35,35,33
Lian Bichsel,DAL,D,4,4,27,14.81,139,42
Reid Schaefer,NSH,L,6,2,38,15.79,108,30
Lenni Hameenaho,N.J,R,2,6,47,4.26,20,16
Luke Schenn,"BUF, WPG",D,1,6,35,2.86,149,57
Nick Leddy,S.J,D,1,6,16,6.25,7,40
William Karlsson,VGK,C,4,3,30,13.33,3,13
Stefan Noesen,N.J,R,3,4,52,5.77,33,15
Brett Pesce,N.J,D,1,6,45,2.22,11,80
Joel Hanley,CGY,D,0,7,43,0,42,90
Brandon Carlo,TOR,D,0,7,66,0,65,98
Trent Frederic,EDM,C,4,3,77,5.19,193,22
Nathan Bastian,DAL,R,6,1,25,24,85,7
Vincent Desharnais,S.J,D,1,6,34,2.94,103,83
Declan Chisholm,WSH,D,1,6,20,5,11,22
Jack St. Ivany,PIT,D,0,7,17,0,48,24
Brayden Pachal,CGY,D,1,6,28,3.57,89,40
Kyle MacLean,NYI,C,2,5,43,4.65,121,23
John Beecher,"BOS, CGY",C,3,4,37,8.11,23,31
Cole Schwindt,FLA,R,5,2,25,20,39,11
Landon Slaggert,CHI,L,3,4,47,6.38,79,24
Ville Koivunen,PIT,R,2,5,36,5.56,5,14
Zack Ostapchuk,S.J,C,4,3,44,9.09,140,29
Taylor Ward,L.A,R,3,4,38,7.89,38,9
Jani Nyman,SEA,R,4,3,33,12.12,23,6
Marc Gatcomb,NYI,C,3,4,55,5.45,192,24
Hunter Brzustewicz,CGY,D,2,5,33,6.06,24,23
Nate Danielson,DET,C,2,5,31,6.45,8,9
Daniil But,UTA,L,3,4,43,6.98,16,18
Zach Bogosian,MIN,D,2,4,30,6.67,47,37
Brendan Gaunce,CBJ,C,2,4,29,6.9,44,21
Connor Clifton,PIT,D,2,4,35,5.71,180,84
Curtis Lazar,EDM,C,4,2,30,13.33,95,20
Jordan Greenway,BUF,L,1,5,32,3.13,56,22
Urho Vaakanainen,NYR,D,0,6,23,0,11,27
P.O Joseph,VAN,D,1,5,22,4.55,18,28
David Kampf,"VAN, WSH",C,2,4,36,5.56,45,26
Simon Benoit,TOR,D,0,6,60,0,194,114
Daemon Hunt,MIN,D,0,6,19,0,21,43
Mike Benning,FLA,D,2,4,15,13.33,4,16
Scott Morrow,NYR,D,0,6,24,0,11,29
Jaroslav Chmelar,NYR,R,4,2,23,17.39,53,16
Tyson Kozak,BUF,C,2,4,30,6.67,120,37
Brad Lambert,WPG,C,3,3,27,11.11,22,6
Rutger McGroarty,PIT,R,3,3,37,8.11,26,8
Zach Metsa,BUF,D,2,4,24,8.33,5,31
Scott Sabourin,T.B,R,1,4,11,9.09,63,11
Robby Fabbri,"MIN, STL",C,2,3,30,6.67,44,9
Kyle Capobianco,DAL,D,2,3,18,11.11,12,27
Max Jones,EDM,L,3,2,22,13.64,56,3
Tanner Laczynski,VGK,C,0,5,12,0,2,5
Zach Aston-Reese,CBJ,"C, L",1,4,17,5.88,78,17
Joe Veleno,MTL,C,2,3,52,3.85,166,32
Bo Groulx,TOR,C,3,2,15,20,34,6
Jacob Bernard-Docker,DET,D,1,4,41,2.44,66,87
Nils Hoglander,VAN,L,2,3,35,5.71,52,8
Adam Edstrom,NYR,C,3,2,31,9.68,65,22
Jack Finley,"STL, T.B",C,2,3,26,7.69,75,9
Ozzy Wiesblatt,NSH,C,1,4,25,4,100,18
Zachary L'Heureux,NSH,L,4,1,32,12.5,64,15
Jacob Melanson,SEA,R,2,3,33,6.06,189,13
Avery Hayes,PIT,R,5,0,26,19.23,23,9
Arshdeep Bains,VAN,L,1,4,18,5.56,24,5
Isaac Howard,EDM,L,2,3,36,5.56,7,5
Jiri Kulich,BUF,C,3,2,20,15,9,12
Elias Salomonsson,WPG,D,1,4,37,2.7,50,27
Sandis Vilmanis,FLA,L,3,2,15,20,39,5
Nikolas Matinpalo,OTT,D,0,5,37,0,49,55
Arttu Hyry,DAL,R,3,2,25,12,32,6
David Tomasek,EDM,R,3,2,30,10,17,6
Tim Washe,ANA,C,2,3,32,6.25,91,25
Mackenzie MacEachern,VAN,L,1,3,6,16.67,10,6
Liam O'Brien,UTA,C,3,1,35,8.57,115,14
Tomas Nosek,FLA,L,2,2,8,25,51,12
Haydn Fleury,WPG,D,2,2,26,7.69,54,56
Colton White,N.J,D,0,4,14,0,23,16
Filip Hallander,PIT,C,1,3,22,4.55,3,5
Adam Boqvist,NYI,D,0,4,17,0,11,23
Curtis Douglas,"T.B, VAN",C,1,3,29,3.45,64,12
John Leonard,DET,L,2,2,11,18.18,12,9
Tobias Bjornfot,FLA,D,2,2,12,16.67,14,23
Josh Dunne,BUF,C,1,3,29,3.45,40,16
Arber Xhekaj,MTL,D,1,3,40,2.5,178,42
Adam Sykora,NYR,L,3,1,14,21.43,20,10
Jared Wright,L.A,R,0,4,32,0,27,18
Samuel Honzek,CGY,L,2,2,22,9.09,35,6
Theo Lindstein,STL,D,2,2,20,10,8,14
Josh Samanski,EDM,C,2,2,10,20,27,14
Konsta Helenius,BUF,C,1,3,15,6.67,10,3
Maxim Tsyplakov,"N.J, NYI",R,2,2,42,4.76,83,8
Ilya Protas,WSH,L,1,3,7,14.29,0,2
Ryan Reaves,S.J,R,3,0,25,12,160,15
Erik Gudbranson,CBJ,D,1,2,34,2.94,45,64
Mathew Dumba,PIT,D,1,2,7,14.29,16,12
Garnet Hathaway,PHI,R,1,2,34,2.94,252,58
Brandon Tanev,UTA,L,0,3,42,0,155,34
Joshua Mahura,SEA,D,1,2,15,6.67,26,36
Dominik Shine,DET,R,3,0,13,23.08,14,6
Jonah Gadjovich,FLA,L,0,3,8,0,30,3
Cale Fleury,SEA,D,1,2,22,4.55,50,34
Filip Chytil,VAN,C,3,0,24,12.5,4,4
Ben Jones,MIN,C,1,2,26,3.85,58,11
Alec Regula,EDM,D,0,3,18,0,15,44
Jordan Harris,BOS,D,1,2,12,8.33,5,5
Martin Pospisil,CGY,C,1,2,19,5.26,84,6
Jake Christiansen,CBJ,D,0,3,26,0,30,24
Egor Zamula,"CBJ, PHI",D,0,3,18,0,7,40
Noah Philp,"CAR, EDM",C,2,1,14,14.29,30,2
Marshall Warren,NYI,D,0,3,7,0,7,5
Lassi Thomson,OTT,D,0,3,11,0,6,9
Vladislav Kolyachonok,"BOS, DAL",D,1,2,12,8.33,5,13
Juuso Parssinen,NYR,C,2,1,16,12.5,28,9
Matthew Kessel,STL,D,2,1,20,10,22,26
Brennan Othmann,"CGY, NYR",L,2,1,15,13.33,44,8
Vincent Iorio,"NYR, S.J",D,0,3,15,0,15,39
Declan Carlile,T.B,D,1,2,33,3.03,51,38
Conor Geekie,T.B,C,1,2,10,10,33,6
Joakim Kemell,NSH,R,1,2,12,8.33,25,9
Jonathan Lekkerimäki,VAN,R,2,1,10,20,10,5
Ivan Miroshnichenko,WSH,L,2,1,12,16.67,19,6
Marek Alscher,FLA,D,0,3,6,0,4,6
Victor Mancini,VAN,D,0,3,14,0,28,26
Bradly Nadeau,CAR,L,3,0,12,25,21,5
Jacob Quillan,TOR,C,1,2,14,7.14,46,13
Brendan Smith,CBJ,D,0,2,10,0,12,11
Travis Hamonic,DET,D,0,2,21,0,32,41
Nicolas Deslauriers,"CAR, PHI",L,0,2,18,0,121,8
Chris Tanev,TOR,D,0,2,8,0,2,15
Justin Holl,STL,D,1,1,7,14.29,5,5
Tyler Pitlick,MIN,C,2,0,26,7.69,78,19
Colin Miller,WPG,D,0,2,20,0,29,13
Nicolas Aube-Kubel,MIN,R,0,2,5,0,7,5
Justin Kirkland,CGY,C,1,1,11,9.09,29,10
Juho Lammikko,N.J,C,0,2,15,0,40,14
Sam Lafferty,CHI,C,1,1,9,11.11,35,5
Philippe Myers,TOR,D,0,2,42,0,55,51
Dennis Cholowski,N.J,D,0,2,12,0,3,18
Jake Bean,CGY,D,1,1,16,6.25,3,29
Olle Lycksell,OTT,R,1,1,7,14.29,4,4
Michael Kesselring,BUF,D,0,2,46,0,25,38
Hugh McGing,STL,L,1,1,4,25,0,2
Logan O'Connor,COL,R,0,2,13,0,11,3
Andre Lee,L.A,L,1,1,5,20,17,3
Jack Ahcan,COL,D,0,2,8,0,6,6
Hunter Haight,MIN,C,1,1,13,7.69,10,2
Kevin Korchinski,CHI,D,0,2,7,0,4,13
Kirill Kudryavtsev,VAN,D,0,2,4,0,1,1
Brian Halonen,N.J,L,1,1,8,12.5,28,2
Oliver Bonk,PHI,D,1,1,1,100,2,0
Oscar Fisker Molgaard,SEA,C,0,2,6,0,9,8
Drew Fortescue,NYR,D,0,2,3,0,6,7
Wilmer Skoog,FLA,C,0,2,4,0,2,5
Charles Alexis Legault,CAR,D,1,1,12,8.33,13,10
Carter Yakemchuk,OTT,D,1,1,5,20,0,4
Sacha Boisvert,CHI,C,1,1,6,16.67,9,1
Evgenii Dadonov,N.J,L,1,0,20,5,7,12
Dominic Toninato,CHI,C,0,1,8,0,12,1
Kurtis MacDermid,OTT,L,0,1,4,0,18,6
Anton Blidh,NYR,L,0,1,4,0,10,0
Ryan Graves,PIT,D,1,0,21,4.76,23,38
Steven Santini,T.B,D,0,1,4,0,9,7
Dakota Mermis,TOR,D,1,0,5,20,8,9
Dysin Mayo,CBJ,D,0,1,5,0,0,1
Caleb Jones,PIT,D,0,1,5,0,10,15
Dennis Gilbert,OTT,D,0,1,2,0,10,12
Cameron Hughes,DAL,C,1,0,2,50,3,2
Kevin Rooney,UTA,C,1,0,1,100,0,0
Patrik Laine,MTL,L,0,1,6,0,2,0
Riley Tufte,BOS,L,1,0,4,25,7,1
Keaton Middleton,COL,D,0,1,0,-,6,1
Joona Koppanen,PIT,L,0,1,7,0,11,4
Matt Luff,STL,R,1,0,5,20,8,4
Alex Barré-Boulet,COL,C,0,1,0,-,3,0
Jonas Rondbjerg,VGK,R,0,1,6,0,0,0
Cameron Crotty,OTT,D,0,1,5,0,3,3
Patrick Giles,S.J,R,0,1,2,0,3,2
Alexander Romanov,NYI,D,0,1,17,0,31,31
Angus Crookshank,N.J,C,1,0,4,25,5,7
Nolan Foote,FLA,L,1,0,13,7.69,27,4
Arthur Kaliyev,OTT,R,0,1,4,0,0,0
Philip Tomasino,PIT,R,0,1,9,0,11,7
Victor Soderstrom,BOS,D,0,1,8,0,1,10
Mitchell Chaffee,T.B,R,0,1,9,0,29,5
Sam Colangelo,ANA,R,1,0,7,14.29,11,1
Brendan Brisson,NYR,C,0,1,2,0,1,1
Maxim Groshev,T.B,D,0,1,1,0,0,1
Ethan Cardwell,S.J,R,1,0,6,16.67,9,1
Mikael Pyyhtia,CBJ,L,1,0,6,16.67,1,2
Matt Rempe,NYR,C,1,0,15,6.67,87,6
Matt Kiersted,MIN,D,0,1,4,0,0,10
Justin Robidas,CAR,C,0,1,2,0,3,1
Ethan Del Mastro,CHI,D,0,1,18,0,19,22
Tristen Nielsen,COL,C,0,1,3,0,8,1
Owen Beck,MTL,C,1,0,11,9.09,24,8
Luca Del Bel Belluz,CBJ,C,0,1,11,0,3,10
Isaiah George,NYI,D,0,1,2,0,1,3
Maveric Lamoureux,UTA,D,0,1,4,0,11,9
Tristan Luneau,ANA,D,1,0,2,50,1,1
Matthew Poitras,BOS,C,1,0,8,12.5,0,2
Danil Zhilkin,WPG,C,0,1,4,0,5,4
Adam Engstrom,MTL,D,0,1,11,0,7,8
Cole O'Hara,NSH,R,0,1,1,0,2,0
Angus Booth,L.A,D,1,0,1,100,2,1
Ludvig Jansson,FLA,D,0,1,3,0,0,5
Jared Davidson,MTL,C,0,1,9,0,18,1
Hunter McDonald,PHI,D,0,1,0,-,5,1
Ivan Ivan,COL,C,0,1,4,0,3,1
Parker Ford,WPG,C,0,1,10,0,27,12
David Reinbacher,MTL,D,0,1,3,0,1,2
Aydar Suniev,CGY,L,0,1,9,0,2,3
Travis Mitchell,NYI,D,1,0,4,25,13,6
Dmitri Simashev,UTA,D,0,1,26,0,14,28
Felix Unger Sorum,CAR,R,0,1,0,-,0,1
Florian Xhekaj,MTL,L,0,1,4,0,9,4
Ty Mueller,VAN,C,1,0,2,50,5,4
Connor Clattenburg,EDM,C,1,0,3,33.33,17,3
Michael Brandsegg-Nygård,DET,R,0,1,20,0,43,3
Harrison Brunicke,PIT,D,1,0,8,12.5,4,13
Mikulas Hovorka,FLA,D,0,1,3,0,3,2
Victor Eklund,NYI,R,0,1,2,0,2,0
James Hagens,BOS,C,0,1,2,0,1,0
Brady Martin,NSH,C,0,1,2,0,0,2
Luke Haymes,TOR,C,0,1,3,0,3,2
Quinn Hutson,EDM,R,1,0,3,33.33,0,1
Tyson Gross,CGY,C,1,0,5,20,4,5
Dmitry Kulikov,FLA,D,0,0,15,0,22,17
Garrett Wilson,PHI,L,0,0,3,0,6,0
Justin Dowling,NYR,C,0,0,1,0,3,1
Andrew Agozzino,UTA,L,0,0,0,-,4,1
Derek Forbort,VAN,D,0,0,1,0,2,4
Dylan McIlrath,WSH,D,0,0,5,0,26,9
Kevin Gravel,NSH,D,0,0,1,0,1,3
T.J. Tynan,COL,C,0,0,1,0,0,0
Joseph LaBate,VAN,C,0,0,2,0,6,2
Erik Gustafsson,DET,D,0,0,3,0,2,1
Matthew Benning,TOR,D,0,0,0,-,0,3
Jaycob Megna,VGK,D,0,0,1,0,6,1
John Hayden,SEA,C,0,0,2,0,7,2
Mason Geertsen,BUF,L,0,0,1,0,8,0
Jordan Oesterle,NSH,D,0,0,0,-,1,2
Andreas Englund,NSH,D,0,0,2,0,4,1
Bokondji Imama,PIT,L,0,0,2,0,3,0
Hayden Hodgson,OTT,R,0,0,4,0,29,0
Dryden Hunt,CGY,L,0,0,4,0,9,4
Anthony Richard,PHI,C,0,0,0,-,0,0
Lane Pederson,PHI,C,0,0,0,-,16,3
Boris Katchouk,T.B,L,0,0,0,-,5,2
Riley Stillman,EDM,D,0,0,1,0,7,4
Jacob Moverare,L.A,D,0,0,7,0,3,12
Michael Pezzetta,TOR,L,0,0,2,0,30,3
Dylan Coghlan,VGK,D,0,0,2,0,4,4
Zack MacEwen,N.J,R,0,0,4,0,6,1
Justin Danforth,BUF,R,0,0,2,0,3,4
Jack Studnicka,FLA,C,0,0,16,0,19,6
Skyler Brind'Amour,CAR,C,0,0,2,0,5,0
Sheldon Dries,DET,C,0,0,2,0,8,3
Michael Callahan,BOS,D,0,0,3,0,3,9
Liam Foudy,NYI,C,0,0,1,0,1,1
Adam Ginning,PHI,D,0,0,2,0,4,5
Josiah Slavin,CAR,L,0,0,0,-,1,1
Rafael Harvey-Pinard,PIT,L,0,0,2,0,0,0
Brett Leason,WSH,R,0,0,1,0,10,0
Raphael Lavoie,VGK,C,0,0,0,-,1,0
Simon Lundmark,T.B,D,0,0,1,0,2,2
Domenick Fensore,CAR,D,0,0,2,0,1,3
Ryan Johnson,BUF,D,0,0,0,-,2,3
Henry Thrun,TOR,D,0,0,4,0,3,4
Ville Heinola,WPG,D,0,0,7,0,6,3
Sam Poulin,PIT,R,0,0,1,0,2,2
Jakob Pelletier,T.B,L,0,0,4,0,8,3
Nathan Légaré,N.J,R,0,0,0,-,2,1
Matěj  Blümel,BOS,R,0,0,4,0,2,2
Hunter Skinner,STL,D,0,0,0,-,4,1
Jacob Gaucher,PHI,C,0,0,4,0,3,1
Connor Mackey,NYR,D,0,0,2,0,2,2
Brett Berard,NYR,L,0,0,9,0,17,9
Roby Jarventie,EDM,L,0,0,2,0,1,4
Bogdan Trineyev,WSH,R,0,0,1,0,1,2
William Villeneuve,TOR,D,0,0,2,0,1,5
Ronan Seeley,CAR,D,0,0,0,-,0,2
Isaak Phillips,WPG,D,0,0,3,0,3,1
Rory Kerins,CGY,C,0,0,1,0,3,5
Trevor Kuntar,BUF,C,0,0,0,-,1,0
Nils Aman,VAN,C,0,0,1,0,2,1
Ryan Tverberg,TOR,C,0,0,1,0,3,1
Daniil Miromanov,CGY,D,0,0,0,-,0,2
Walker Duehr,WPG,R,0,0,2,0,10,2
Dylan Duke,T.B,L,0,0,1,0,0,0
Xavier Bourgault,OTT,R,0,0,3,0,3,0
Tristan Broz,PIT,C,0,0,2,0,0,0
Tyson Hinds,ANA,D,0,0,9,0,6,10
Joshua Roy,MTL,R,0,0,2,0,6,0
William Stromgren,CGY,L,0,0,2,0,0,0
Carson Lambos,MIN,D,0,0,1,0,0,1
Nikita Chibrikov,WPG,R,0,0,9,0,16,5
Carter Mazur,DET,L,0,0,3,0,10,6
Ty Murchison,PHI,D,0,0,1,0,5,2
Topias Vilen,N.J,D,0,0,0,-,0,1
Shane Lachance,N.J,L,0,0,0,-,1,0
Taylor Makar,COL,L,0,0,7,0,17,1
Marc McLaughlin,N.J,C,0,0,0,-,4,2
Seamus Casey,N.J,D,0,0,4,0,0,1
Jack Devine,FLA,R,0,0,6,0,4,0
Jorian Donovan,OTT,D,0,0,1,0,2,1
Nathan Gaucher,ANA,C,0,0,2,0,6,1
David Jiricek,"MIN, PHI",D,0,0,16,0,8,19
Aleksanteri Kaskimaki,STL,C,0,0,6,0,2,3
Owen Pickering,PIT,D,0,0,1,0,1,2
Marshall Rifai,TOR,D,0,0,1,0,0,1
Georgii Merkulov,BOS,C,0,0,0,-,0,0
Kenny Connors,L.A,C,0,0,5,0,3,1
Abram Wiebe,CGY,D,0,0,0,-,2,1
David Spacek,MIN,D,0,0,0,-,1,2
Xavier Parent,N.J,C,0,0,2,0,7,1
Luca Cagnoni,S.J,D,0,0,4,0,5,3
Luca Pinelli,CBJ,C,0,0,6,0,2,1
Brayden Yager,WPG,C,0,0,2,0,0,0
Jason Polin,COL,R,0,0,0,-,12,3
Cole McWard,NYI,D,0,0,1,0,4,5
Jett Luchanko,PHI,C,0,0,1,0,2,3
Sam Morton,CGY,C,0,0,3,0,9,1
Kai Uchacz,VGK,C,0,0,2,0,7,3
Braeden Cootes,VAN,C,0,0,0,-,3,1
Viking Gustafsson-Nyberg,MIN,D,0,0,0,-,2,3
