Player,Team,Pos,PPP
Connor McDavid,EDM,C,54
Nikita Kucherov,TBL,RW,37
Nathan MacKinnon,COL,C,30
Macklin Celebrini,SJS,C,33
Mark Scheifele,WPG,C,22
Nick Suzuki,MTL,C,43
Martin Necas,COL,C,24
David Pastrnak,BOS,RW,33
Leon Draisaitl,EDM,C,42
Jason Robertson,DAL,LW,41
Evan Bouchard,EDM,D,33
Kyle Connor,WPG,LW,19
Jack Eichel,VGK,C,28
Kirill Kaprizov,MIN,LW,32
Cole Caufield,MTL,RW,29
Jake Guentzel,TBL,C,30
Clayton Keller,UTA,RW,27
Wyatt Johnston,DAL,C,42
Matt Boldy,MIN,LW,30
Alex DeBrincat,DET,RW,23
Artemi Panarin,"NYR,LAK",LW,23
Tim Stützle,OTT,C,29
Tage Thompson,BUF,C,24
Zach Werenski,CBJ,D,21
Sebastian Aho,CAR,C,27
Mitch Marner,VGK,RW,24
William Nylander,TOR,RW,22
Cale Makar,COL,D,29
Mika Zibanejad,NYR,C,35
Lane Hutson,MTL,D,20
Jack Hughes,NJD,C,23
Mikko Rantanen,DAL,R,34
Lucas Raymond,DET,LW,27
Quinn Hughes,"VAN,MIN",D,34
Filip Forsberg,NSH,LW,26
Connor Bedard,CHI,C,21
Brandon Hagel,TBL,LW,12
Nick Schmaltz,UTA,C,20
Sidney Crosby,PIT,C,23
Ryan O'Reilly,NSH,C,20
Rasmus Dahlin,BUF,D,22
Dylan Guenther,UTA,RW,24
Adrian Kempe,LAK,RW,12
Juraj Slafkovský,MTL,LW,28
Mark Stone,VGK,RW,27
Mathew Barzal,NYI,C,20
Drake Batherson,OTT,RW,30
John Tavares,TOR,C,21
Nikolaj Ehlers,CAR,LW,29
Jesper Bratt,NJD,LW,20
Andrei Svechnikov,CAR,RW,29
Darren Raddysh,TBL,D,26
Cutter Gauthier,ANA,LW,19
Gabriel Vilardi,WPG,C,24
Morgan Geekie,BOS,C,24
Travis Konecny,PHI,RW,14
Dylan Larkin,DET,C,24
Leo Carlsson,ANA,C,18
Kirill Marchenko,CBJ,RW,23
Trevor Zegras,PHI,C,23
Steven Stamkos,NSH,C,26
Alex Tuch,BUF,RW,9
Seth Jarvis,CAR,RW,21
Nico Hischier,NJD,C,23
Matthew Knies,TOR,LW,16
Erik Karlsson,PIT,D,26
Brock Nelson,COL,C,18
Pavel Zacha,BOS,C,22
Bryan Rust,PIT,RW,24
Pavel Dorofeyev,VGK,RW,30
Anthony Mantha,PIT,RW,13
Alex Ovechkin,WSH,LW,19
Robert Thomas,STL,C,14
Miro Heiskanen,DAL,D,28
Tom Wilson,WSH,RW,12
Ivan Demidov,MTL,RW,20
Sam Reinhart,FLA,C,25
Ivan Barbashev,VGK,LW,6
Evgeni Malkin,PIT,C,22
Charlie McAvoy,BOS,D,23
Jakob Chychrun,WSH,D,18
Beckett Sennecke,ANA,RW,13
John Carlson,"WSH,ANA",D,14
Moritz Seider,DET,D,28
Dylan Cozens,OTT,C,29
Adam Fantilli,CBJ,C,13
Will Smith,SJS,C,17
Matthew Schaefer,NYI,D,18
Brady Tkachuk,OTT,LW,20
Mikhail Sergachev,UTA,D,26
Tyler Bertuzzi,CHI,LW,21
Sam Bennett,FLA,C,14
Tomas Hertl,VGK,C,25
Charlie Coyle,CBJ,C,13
Dylan Strome,WSH,C,21
Jackson LaCombe,ANA,D,17
Bo Horvat,NYI,C,16
Alexis Lafrenière,NYR,LW,15
Troy Terry,ANA,RW,12
Patrick Kane,DET,RW,19
Ryan Nugent-Hopkins,EDM,C,29
Luke Evangelista,NSH,RW,17
Jordan Eberle,SEA,RW,16
Carter Verhaeghe,FLA,C,11
Alexander Wennberg,SJS,C,15
Josh Morrissey,WPG,D,16
Roman Josi,NSH,D,24
Brad Marchand,FLA,LW,20
Viktor Arvidsson,BOS,LW,9
Mats Zuccarello,MIN,RW,21
Ryan McLeod,BUF,C,7
Jake Sanderson,OTT,D,22
Auston Matthews,TOR,C,12
Jackson Blake,CAR,RW,12
J.T. Miller,NYR,C,19
Vincent Trocheck,NYR,C,16
William Eklund,SJS,LW,16
Adam Fox,NYR,D,24
Zach Hyman,EDM,LW,15
Aliaksei Protas,WSH,LW,1
Josh Doan,BUF,RW,17
Anthony Cirelli,TBL,C,4
Owen Tippett,PHI,RW,7
Dylan Holloway,STL,LW,8
Jimmy Snuggerud,STL,RW,9
Jack Quinn,BUF,RW,11
Matvei Michkov,PHI,RW,12
Joel Eriksson Ek,MIN,C,16
Christian Dvorak,PHI,C,5
Elias Pettersson,VAN,C,22
Brock Faber,MIN,D,11
Chris Kreider,ANA,LW,17
Matty Beniers,SEA,C,11
Brayden Point,TBL,C,11
Nazem Kadri,"CGY,COL",C,19
Shayne Gostisbehere,CAR,D,18
Quinton Byfield,LAK,RW,11
Tyler Toffoli,SJS,C,15
Valeri Nichushkin,COL,RW,4
Chandler Stephenson,SEA,C,16
Marcus Johansson,MIN,LW,9
Claude Giroux,OTT,R,13
Filip Hronek,VAN,D,21
Rickard Rakell,PIT,RW,16
Brock Boeser,VAN,RW,19
Artturi Lehkonen,COL,LW,2
Pavel Buchnevich,STL,LW,15
Taylor Hall,CAR,LW,7
Elias Lindholm,BOS,C,20
JJ Peterka,UTA,RW,5
Vladimir Tarasenko,MIN,RW,13
Noah Cates,PHI,LW,9
Rasmus Andersson,"CGY,VGK",D,13
Noah Dobson,MTL,D,7
Bobby McMann,"TOR,SEA",C,6
Shane Pinto,OTT,C,5
Collin Graf,SJS,RW,1
Jordan Kyrou,STL,RW,14
Connor McMichael,WSH,LW,5
Jason Zucker,BUF,LW,16
Ryan Leonard,WSH,RW,14
Mason Marchment,"SEA,CBJ",LW,7
Matt Coronato,CGY,RW,15
Matt Duchene,DAL,C,14
Timo Meier,NJD,RW,10
Lawson Crouse,UTA,LW,1
Alex Laferriere,LAK,RW,5
Logan Stankoven,CAR,C,9
Anton Lundell,FLA,C,15
Roope Hintz,DAL,C,19
Vince Dunn,SEA,D,21
Logan Cooley,UTA,C,10
Ryan Hartman,MIN,RW,7
Morgan Frost,CGY,C,16
Connor Brown,NJD,RW,8
Mikael Backlund,CGY,C,3
Zach Benson,BUF,LW,5
Andrew Copp,DET,C,8
Jake DeBrusk,VAN,LW,24
Egor Chinakhov,"CBJ,PIT",R,6
Dawson Mercer,NJD,C,7
Anders Lee,NYI,LW,8
Thomas Novak,PIT,C,7
Casey Mittelstadt,BOS,C,7
Bowen Byram,BUF,D,7
Mavrik Bourque,DAL,C,5
Mikael Granlund,ANA,C,12
Simon Holmstrom,NYI,RW,4
Mason McTavish,ANA,C,11
Frank Nazar,CHI,C,12
Mattias Samuelsson,BUF,D,0
Mattias Ekholm,EDM,D,3
Jared McCann,SEA,LW,13
Kevin Fiala,LAK,LW,17
Justin Faulk,"STL,DET",D,9
Kaapo Kakko,SEA,RW,8
Brandt Clarke,LAK,D,13
Sam Malinski,COL,D,1
Brayden Schenn,"STL,NYI",C,9
Matias Maccelli,TOR,LW,8
Dougie Hamilton,NJD,D,14
Peyton Krebs,BUF,C,1
Shea Theodore,VGK,D,5
Oliver Ekman-Larsson,TOR,D,9
Joel Farabee,CGY,LW,3
Will Cuylle,NYR,LW,8
Erik Haula,NSH,LW,12
Boone Jenner,CBJ,C,3
Anze Kopitar,LAK,C,12
Oliver Kapanen,MTL,C,1
Vasily Podkolzin,EDM,RW,3
Matt Savoie,EDM,C,7
Corey Perry,"LAK,TBL",RW,13
Travis Sanheim,PHI,D,3
K'Andre Miller,CAR,D,3
Mike Matheson,MTL,D,1
Dmitry Orlov,SJS,D,18
Kiefer Sherwood,"VAN,SJS",LW,12
Jack Roslovic,EDM,C,6
Jordan Staal,CAR,C,4
Ilya Mikheyev,CHI,RW,0
Jamie Benn,DAL,LW,6
Jake Neighbours,STL,LW,7
Sean Monahan,CBJ,C,10
Sean Couturier,PHI,C,1
Max Domi,TOR,C,8
Eeli Tolvanen,SEA,RW,14
Morgan Rielly,TOR,D,6
Ryan Poehling,ANA,C,1
Thomas Harley,DAL,D,7
John Marino,UTA,D,0
Parker Kelly,COL,C,0
Blake Coleman,CGY,LW,1
Jean-Gabriel Pageau,NYI,C,1
Fraser Minten,BOS,C,3
Ben Kindel,PIT,C,10
Michael Amadio,OTT,R,0
Linus Karlsson,VAN,C,4
Justin Sourdif,WSH,C,3
Gabriel Landeskog,COL,LW,5
Teuvo Teravainen,CHI,C,19
Vladislav Gavrikov,NYR,D,6
Ridly Greig,OTT,C,3
Brent Burns,COL,D,1
Marco Rossi,"MIN,VAN",C,14
Jacob Trouba,ANA,D,1
Ryan Shea,PIT,D,0
Luke Hughes,NJD,D,13
Tony DeAngelo,NYI,D,7
Justin Brazeau,PIT,RW,5
Matthew Tkachuk,FLA,LW,13
Josh Norris,BUF,C,9
Philip Broberg,STL,D,5
Kris Letang,PIT,D,10
Fabian Zetterlund,OTT,LW,8
Alex Killorn,ANA,LW,5
Marat Khusnutdinov,BOS,C,1
Michael Bunting,"NSH,DAL",LW,10
Conor Garland,"VAN,CBJ",RW,10
Sam Steel,DAL,C,3
Andre Burakovsky,CHI,LW,10
Eetu Luostarinen,FLA,C,1
Alexander Nikishin,CAR,D,10
Gage Goncalves,TBL,C,2
Cole Sillinger,CBJ,C,1
Anthony-John (AJ) Greer,FLA,LW,1
Dmitri Voronkov,CBJ,LW,9
Nicholas Robertson,TOR,LW,4
Trevor Moore,LAK,LW,1
Oliver Bjorkstrand,TBL,RW,14
Cole Perfetti,WPG,C,6
Mackie Samoskevich,FLA,RW,10
Brandon Montour,SEA,D,8
Damon Severson,CBJ,D,4
Jamie Drysdale,PHI,D,9
Seth Jones,FLA,D,16
Esa Lindell,DAL,D,2
Emil Heineman,NYI,LW,4
Michael Carcone,UTA,LW,4
James van Riemsdyk,DET,LW,11
Evander Kane,VAN,LW,6
Victor Olofsson,"COL,CGY",LW,7
Arseny Gritsyuk,NJD,RW,5
Denton Mateychuk,CBJ,D,3
Jonathan Marchessault,NSH,RW,8
Evan Rodrigues,FLA,C,5
Ivan Provorov,CBJ,D,5
Sean Walker,CAR,D,1
Thomas Chabot,OTT,D,7
Jordan Spence,OTT,D,3
Josh Manson,COL,D,0
Matthew Wood,NSH,RW,8
Ryan Donato,CHI,C,2
Bobby Brink,"PHI,MIN",RW,7
Connor Dewar,PIT,C,0
Justin Hryckowian,DAL,C,5
Calum Ritchie,NYI,C,11
Emmitt Finnie,DET,C,8
Zachary Bolduc,MTL,RW,6
Artem Zub,OTT,D,0
Cam Fowler,STL,D,9
Parker Wotherspoon,PIT,D,0
Drew O'Connor,VAN,LW,0
Yegor Sharangovich,CGY,C,7
Alex Iafallo,WPG,LW,5
Pius Suter,STL,C,4
Jordan Martinook,CAR,LW,0
Ryan Greene,CHI,C,4
Jonathan Toews,WPG,C,8
Easton Cowan,TOR,RW,6
Owen Power,BUF,D,0
J.J. Moser,TBL,D,1
Charle-Edouard D'Astous,TBL,D,2
Rasmus Sandin,WSH,D,1
Anthony Beauvillier,WSH,RW,1
David Perron,"OTT,DET",LW,8
J.T. Compher,DET,LW,1
Yanni Gourde,TBL,C,0
MacKenzie Weegar,"CGY,UTA",D,6
Noah Hanifin,VGK,D,7
Gustav Forsling,FLA,D,2
Anthony Duclair,NYI,LW,6
Shane Wright,SEA,C,6
Danila Yurov,MIN,RW,3
Gabe Perreault,NYR,RW,6
Noah Ostlund,BUF,C,6
John Klingberg,SJS,D,9
Jack Drury,COL,C,0
Sean Durzi,UTA,D,4
Martin Fehervary,WSH,D,0
Ryan Pulock,NYI,D,1
Cody Glass,NJD,C,2
Reilly Smith,VGK,RW,1
Mathieu Olivier,CBJ,RW,0
Jaden Schwartz,SEA,LW,3
Simon Nemec,NJD,D,2
Logan Stanley,"WPG,BUF",D,1
Braeden Bowman,VGK,RW,4
Mason Lohrei,BOS,D,5
Zeev Buium,"MIN,VAN",D,13
Hampus Lindholm,BOS,D,4
Aaron Ekblad,FLA,D,5
Cam York,PHI,D,7
Brady Skjei,NSH,D,3
Adam Gaudette,SJS,RW,6
Joel Armia,LAK,RW,1
Noel Acciari,PIT,C,0
Alex Newhook,MTL,C,3
Andrei Kuzmenko,LAK,LW,13
Connor Zary,CGY,C,7
Jonathan Huberdeau,CGY,LW,7
Barrett Hayton,UTA,C,6
Jack McBain,UTA,C,0
Simon Edvinsson,DET,D,1
Nicolas Roy,"TOR,COL",C,2
Adam Larsson,SEA,D,0
Louis Crevier,CHI,D,0
Jake McCabe,TOR,D,0
Jake Evans,MTL,C,0
Ethen Frank,WSH,RW,4
Ross Colton,COL,C,0
Noah Laba,NYR,C,5
Nick Blankenburg,"NSH,COL",D,7
Darnell Nurse,EDM,D,0
Freddy Gaudreau,SEA,C,3
Jonathan Drouin,"NYI,STL",LW,6
Devon Toews,COL,D,1
Artyom Levshunov,CHI,D,11
Josh Anderson,MTL,RW,0
Kailer Yamamoto,UTA,RW,0
Morgan Barron,WPG,C,0
Nick Cousins,OTT,C,0
Brendan Gallagher,MTL,RW,5
Mario Ferraro,SJS,D,0
Yakov Trenin,MIN,C,0
Drew Doughty,LAK,D,1
Ian Cole,UTA,D,0
Joel Edmundson,LAK,D,3
Brett Howden,VGK,C,3
Mark Kastelic,BOS,C,1
Pontus Holmberg,TBL,RW,0
Jonatan Berggren,"DET,STL",RW,3
Tye Kartye,"SEA,NYR",LW,0
Pavel Mintyukov,ANA,D,2
Alexandre Carrier,MTL,D,0
Kent Johnson,CBJ,C,2
Olen Zellweger,ANA,D,3
Jared Spurgeon,MIN,D,6
Sean Kuraly,BOS,C,0
Tanner Jeannot,BOS,LW,1
Nate Schmidt,UTA,D,0
Nikita Zadorov,BOS,D,0
Dalibor Dvorsky,STL,RW,7
Mark Jankowski,CAR,LW,2
Michael Misa,SJS,C,4
Ryan Strome,"ANA,CGY",C,2
Alexandre Texier,"STL,MTL",LW,1
Axel Sandin-Pellikka,DET,D,7
Ryan McDonagh,TBL,D,0
Nic Dowd,"WSH,VGK",RW,0
Adam Lowry,WPG,C,0
Tom Willander,VAN,D,3
Alex Vlasic,CHI,D,0
Scott Laughton,"TOR,LAK",C,2
Zemgus Girgensons,TBL,C,0
Jake Walman,EDM,D,2
Philipp Kurashev,SJS,C,2
Matvei Gridin,CGY,RW,7
Mikey Anderson,LAK,D,0
Max Sasson,VAN,C,1
Taylor Raddysh,NYR,RW,1
Marco Kasper,DET,C,2
Igor Chernyshov,SJS,LW,5
Nino Niederreiter,WPG,RW,5
Blake Lizotte,PIT,C,0
Pierre-Luc Dubois,WSH,C,6
Oliver Moore,CHI,C,5
Dylan DeMelo,WPG,D,0
Samuel Girard,"COL,PIT",D,0
Matt Roy,WSH,D,0
Eric Robinson,CAR,LW,0
Casey Cizikas,NYI,C,0
Dakota Joshua,TOR,C,0
Michael Eyssimont,BOS,C,4
Liam Ohgren,"MIN,VAN",LW,0
William Carrier,CAR,LW,0
Conor Sheary,NYR,LW,2
Steven Lorentz,TOR,C,0
Kyle Palmieri,NYI,C,5
Vinnie Hinostroza,"MIN,FLA",C,2
Matthew Robertson,NYR,D,0
Adam Klapka,CGY,RW,2
Maksim Shabanov,NYI,RW,5
Jonas Brodin,MIN,D,1
Colton Parayko,STL,D,0
Kevin Stenlund,UTA,C,0
Kevin Bahl,CGY,D,1
Ryan Winterton,SEA,C,0
Marcus Pettersson,VAN,D,0
Tyler Kleven,OTT,D,0
Braden Schneider,NYR,D,0
Warren Foegele,"LAK,OTT",LW,1
Tyson Foerster,PHI,RW,4
Teddy Blueger,VAN,C,1
Michael McCarron,"NSH,MIN",C,0
Kasperi Kapanen,EDM,RW,0
Cole Koepke,WPG,L,0
Ryker Evans,SEA,D,1
Tyler Seguin,DAL,C,4
Jason Dickinson,"CHI,EDM",C,0
Berkly Catton,SEA,C,2
Phillip Danault,"LAK,MTL",C,0
Keegan Kolesar,VGK,RW,0
Wyatt Kaiser,CHI,D,0
Connor Murphy,"CHI,EDM",D,0
Oskar Sundqvist,STL,C,1
Denver Barkey,PHI,C,4
Nick Jensen,OTT,D,0
Fedor Svechkov,NSH,C,0
Tyler Tucker,STL,D,0
Brian Dumoulin,LAK,D,0
Radek Faksa,DAL,C,0
Jalen Chatfield,CAR,D,0
Zach Whitecloud,"VGK,CGY",D,0
Victor Hedman,TBL,D,6
Sam Carrick,"NYR,BUF",C,0
Alex Steeves,BOS,C,3
Andrew Mangiapane,"EDM,CHI",LW,0
Tyson Jost,NSH,C,0
Jonny Brodzinski,NYR,C,2
Adam Pelech,NYI,D,0
Hendrix Lapierre,WSH,C,0
Kaedan Korczak,VGK,D,0
Jacob Middleton,MIN,D,0
Adam Wilsby,NSH,D,0
Jonas Siegenthaler,NJD,D,0
Nick Lardis,CHI,LW,3
Paul Cotter,NJD,LW,1
Cole Reinhardt,"VGK,FLA",LW,0
Kirby Dach,MTL,C,2
Tanner Pearson,"WPG,BUF",LW,0
Nick Paul,TBL,LW,3
Ben Meyers,SEA,C,0
Dominic James,TBL,C,0
Ben Hutton,VGK,D,0
Lars Eller,OTT,C,0
Ben Chiarot,DET,D,0
Ondrej Palat,"NJD,NYI",LW,2
Jamie Oleksiak,SEA,D,0
Will Borgen,NYR,D,0
Uvis Balinskis,FLA,D,6
Nick Foligno,"CHI,MIN",LW,2
Colin Blackwell,DAL,C,0
Adam Henrique,EDM,C,3
Brenden Dillon,NJD,D,0
Nicolas Hague,NSH,D,0
Scott Mayfield,NYI,D,0
Olli Maatta,"UTA,CGY",D,0
Henri Jokiharju,BOS,D,2
Drew Helleson,ANA,D,0
Vladislav Namestnikov,WPG,C,2
Miles Wood,CBJ,LW,0
Beck Malenstyn,BUF,LW,0
Mason Appleton,DET,C,0
Michael Rasmussen,DET,C,0
Andrew Peeke,BOS,D,0
Aatu Räty,VAN,C,0
Sam Rinzel,CHI,D,1
Nikita Grebenkin,PHI,RW,0
Ross Johnston,ANA,LW,0
Trevor van Riemsdyk,WSH,D,0
Troy Stecher,"EDM,TOR",D,0
Alex Turcotte,LAK,C,0
Rasmus Ristolainen,PHI,D,1
Dylan Samberg,WPG,D,0
Sam Dickinson,SJS,D,0
Carl Grundstrom,PHI,RW,0
Marcus Foligno,MIN,LW,2
Alexander Kerfoot,UTA,C,0
Elmer Soderblom,"DET,PIT",LW,0
Jeff Skinner,SJS,LW,4
Gavin Brindley,COL,C,0
Colton Dach,"CHI,EDM",C,2
Logan Mailloux,STL,D,2
Jesper Boqvist,FLA,C,1
Nick Perbix,NSH,D,0
Jonathan Aspirot,BOS,D,1
Radko Gudas,ANA,D,0
Emil Andrae,PHI,D,1
Jeremy Lauzon,VGK,D,0
Cole Smith,"NSH,VGK",RW,0
Danton Heinen,"PIT,CBJ",LW,0
Brayden McNabb,VGK,D,0
Barclay Goodrow,SJS,C,0
Carson Soucy,"NYR,NYI",D,0
Oskar Bäck,DAL,C,0
Shakir Mukhamadullin,SJS,D,0
Isac Lundeström,CBJ,C,0
Yan Kuznetsov,CGY,D,0
Ian Moore,ANA,D,0
Emil Lilleberg,TBL,D,0
Neal Pionk,WPG,D,2
Ty Emberson,EDM,D,0
Jayden Struble,MTL,D,0
Gustav Nyquist,WPG,RW,5
Brett Kulak,"EDM,PIT,COL",D,0
Matt Grzelcyk,CHI,D,3
Colton Sissons,VGK,C,2
Dante Fabbro,CBJ,D,0
Nico Sturm,MIN,C,0
Nathan Walker,STL,LW,0
Alexey Toropchenko,STL,RW,0
Stephen Halliday,OTT,C,3
Erik Cernak,TBL,D,0
Niko Mikkola,FLA,D,0
Nils Lundkvist,DAL,D,0
Albert Johansson,DET,D,0
Mathieu Joseph,"STL,LAK",RW,0
Ty Dellandrea,SJS,C,0
Kaiden Guhle,MTL,D,0
Ryan Ufko,NSH,D,2
Tyler Myers,"VAN,DAL",D,0
Timothy Liljegren,"SJS,WSH",D,2
Pavol Regenda,SJS,LW,4
Isak Rosen,"BUF,WPG",RW,3
Nick Seeler,PHI,D,0
Luke Kunin,FLA,C,0
Porter Martone,PHI,RW,4
Rodrigo Abols,PHI,C,0
Jeffrey Truchon-Viel,"BOS,ANA",LW,0
Elias Pettersson,VAN,D,0
Otto Stenberg,STL,C,0
Cole Hutson,WSH,D,6
Alexander Petrovic,DAL,D,0
Spencer Stastney,"NSH,EDM",D,0
Noah Juulsen,PHI,D,0
Max Crozier,TBL,D,0
Joel Nystrom,CAR,D,0
Zakhar Bardakov,COL,C,0
Nick Bjugstad,"STL,NJD",C,0
Frank Vatrano,ANA,RW,1
Samuel Helenius,LAK,C,0
Alex Bump,PHI,LW,0
Ryan Lomberg,CGY,LW,0
Noah Gregor,FLA,LW,1
Brandon Duhaime,WSH,LW,0
Zayne Parekh,CGY,D,6
Brandon Saad,VGK,LW,0
Joel Kiviranta,COL,LW,0
Alexander Holtz,VGK,RW,0
Jeff Malott,LAK,LW,0
Anton Frondell,CHI,C,2
Luke Glendening,"NJD,PHI",C,0
Ryan Lindgren,SEA,D,0
Jesperi Kotkaniemi,CAR,C,0
Mike Reilly,CAR,D,0
Cody Ceci,LAK,D,0
Ilya Lyubushkin,DAL,D,0
Nikita Nesterenko,ANA,C,0
Jeff Petry,"FLA,MIN",D,2
Justin Barron,NSH,D,0
Calle Jarnkrok,TOR,C,0
Adam Erne,DAL,LW,0
Reid Schaefer,NSH,LW,0
Kevin Hayes,PIT,R,0
Sonny Milano,WSH,LW,0
Lian Bichsel,DAL,D,0
Samuel Blais,"TOR,MTL",LW,0
Jansen Harkins,ANA,C,0
Lukas Reichel,"CHI,VAN,BOS",L,0
Nick DeSimone,UTA,D,0
Jacob Bryson,"BUF,WPG",D,0
Lenni Hameenaho,NJD,RW,0
Jaccob Slavin,CAR,D,0
Mattias Janmark,EDM,C,0
Ilya Solovyov,"COL,PIT",D,0
Conor Timmins,BUF,D,0
Johnathan Kovacevic,NJD,D,0
Donovan Sebrango,"OTT,FLA",D,0
Nathan Bastian,DAL,RW,0
Cole Schwindt,FLA,RW,0
William Karlsson,VGK,C,1
Trent Frederic,EDM,C,0
Zack Ostapchuk,SJS,C,0
Jani Nyman,SEA,RW,2
Stefan Noesen,NJD,RW,3
John Beecher,"BOS,CGY",C,0
Landon Slaggert,CHI,LW,0
Taylor Ward,LAK,RW,0
Marc Gatcomb,NYI,C,0
Daniil But,UTA,LW,3
Kyle MacLean,NYI,C,0
Ville Koivunen,PIT,RW,4
Hunter Brzustewicz,CGY,D,1
Nate Danielson,DET,C,3
Luke Schenn,"WPG,BUF",D,0
Nick Leddy,SJS,D,0
Brett Pesce,NJD,D,0
Vincent Desharnais,SJS,D,0
Declan Chisholm,WSH,D,0
Brayden Pachal,CGY,D,0
Joel Hanley,CGY,D,0
Brandon Carlo,TOR,D,0
John St. Ivany,PIT,D,0
Curtis Lazar,EDM,C,0
Jaroslav Chmelar,NYR,RW,0
Brad Lambert,WPG,C,1
Rutger McGroarty,PIT,RW,0
Zach Bogosian,MIN,D,0
Brendan Gaunce,CBJ,C,0
Connor Clifton,PIT,D,0
David Kampf,"VAN,WSH",C,0
Mike Benning,FLA,D,1
Tyson Kozak,BUF,C,0
Zach Metsa,BUF,D,0
Jordan Greenway,BUF,LW,0
Pierre-Olivier Joseph,VAN,D,0
Urho Vaakanainen,NYR,D,0
Simon Benoit,TOR,D,0
Daemon Hunt,MIN,D,0
Scott Morrow,NYR,D,2
Avery Hayes,PIT,R,0
Zachary L'Heureux,NSH,LW,1
Max Jones,EDM,LW,0
Bo Groulx,TOR,C,0
Adam Edstrom,NYR,C,0
Jiri Kulich,BUF,C,0
Sandis Vilmanis,FLA,LW,0
Arttu Hyry,DAL,RW,0
David Tomasek,EDM,RW,2
Robby Fabbri,"STL,MIN",C,0
Kyle Capobianco,DAL,D,0
Joseph Veleno,MTL,C,0
Nils Hoglander,VAN,LW,0
Jack Finley,"TBL,STL",C,0
Jacob Melanson,SEA,RW,0
Isaac Howard,EDM,LW,0
Tim Washe,ANA,C,0
Scott Sabourin,TBL,R,0
Zach Aston-Reese,CBJ,LW,0
Jacob Bernard-Docker,DET,D,0
Ozzy Wiesblatt,NSH,C,0
Arshdeep Bains,VAN,LW,1
Elias Salomonsson,WPG,D,1
Tanner Laczynski,VGK,C,1
Nikolas Matinpalo,OTT,D,0
Liam O'Brien,UTA,C,0
Adam Sykora,NYR,LW,0
Tomas Nosek,FLA,LW,0
Haydn Fleury,WPG,D,0
John Leonard,DET,LW,2
Tobias Bjornfot,FLA,D,0
Samuel Honzek,CGY,LW,0
Theo Lindstein,STL,D,0
Josh Samanski,EDM,C,0
Maksim Tsyplakov,"NYI,NJD",R,0
Mackenzie MacEachern,VAN,LW,0
Filip Hallander,PIT,C,0
Curtis Douglas,"TBL,VAN",C,0
Joshua Dunne,BUF,C,0
Arber Xhekaj,MTL,D,0
Konsta Helenius,BUF,C,0
Ilya Protas,WSH,LW,1
Colton White,NJD,D,0
Adam Boqvist,NYI,D,1
Jared Wright,LAK,RW,0
Ryan Reaves,SJS,RW,0
Dominik Shine,DET,RW,0
Filip Chytil,VAN,C,0
Bradly Nadeau,CAR,LW,1
Noah Philp,"EDM,CAR",C,0
Juuso Parssinen,NYR,C,0
Matthew Kessel,STL,D,0
Brennan Othmann,"NYR,CGY",LW,1
Jonathan Lekkerimäki,VAN,RW,0
Ivan Miroshnichenko,WSH,LW,0
Erik Gudbranson,CBJ,D,0
Mathew Dumba,PIT,D,0
Garnet Hathaway,PHI,RW,0
Josh Mahura,SEA,D,0
Cale Fleury,SEA,D,0
Ben Jones,MIN,C,0
Jordan Harris,BOS,D,0
Martin Pospisil,CGY,C,0
Vladislav Kolyachonok,"DAL,BOS",D,0
Declan Carlile,TBL,D,0
Conor Geekie,TBL,C,0
Joakim Kemell,NSH,RW,0
Jacob Quillan,TOR,C,0
Brandon Tanev,UTA,LW,0
Jonah Gadjovich,FLA,LW,0
Alec Regula,EDM,D,0
Jake Christiansen,CBJ,D,0
Egor Zamula,"PHI,CBJ",D,0
Marshall Warren,NYI,D,0
Lassi Thomson,OTT,D,1
Vincent Iorio,"SJS,NYR",D,0
Marek Alscher,FLA,D,0
Victor Mancini,VAN,D,0
Tyler Pitlick,MIN,C,0
Justin Holl,STL,D,0
Justin Kirkland,CGY,C,0
Sam Lafferty,CHI,C,0
Jake Bean,CGY,D,0
Olle Lycksell,OTT,R,0
Hugh McGing,STL,LW,0
Andre Lee,LAK,LW,0
Hunter Haight,MIN,C,0
Brian Halonen,NJD,LW,0
Oliver Bonk,PHI,D,0
Charles Alexis Legault,CAR,D,0
Carter Yakemchuk,OTT,D,1
Sacha Boisvert,CHI,C,0
Brendan Smith,CBJ,D,0
Travis Hamonic,DET,D,0
Nicolas Deslauriers,"PHI,CAR",LW,0
Chris Tanev,TOR,D,0
Colin Miller,WPG,D,1
Nicolas Aube-Kubel,MIN,RW,0
Juho Lammikko,NJD,C,0
Philippe Myers,TOR,D,0
Dennis Cholowski,NJD,D,0
Michael Kesselring,BUF,D,0
Logan O'Connor,COL,RW,0
Jack Ahcan,COL,D,0
Kevin Korchinski,CHI,D,0
Kirill Kudryavtsev,VAN,D,0
Oscar Fisker Molgaard,SEA,C,0
Drew Fortescue,NYR,D,0
Wilmer Skoog,FLA,C,0
Evgenii Dadonov,NJD,LW,0
Ryan Graves,PIT,D,0
Dakota Mermis,TOR,D,0
Cameron Hughes,DAL,C,0
Kevin Rooney,UTA,C,0
Riley Tufte,BOS,LW,1
Matt Luff,STL,RW,0
Angus Crookshank,NJD,C,0
Nolan Foote,FLA,LW,0
Sam Colangelo,ANA,RW,0
Ethan Cardwell,SJS,RW,0
Mikael Pyyhtia,CBJ,LW,0
Matt Rempe,NYR,C,0
Owen Beck,MTL,C,0
Tristan Luneau,ANA,D,0
Matthew Poitras,BOS,C,0
Angus Booth,LAK,D,0
Travis Mitchell,NYI,D,0
Ty Mueller,VAN,C,0
Connor Clattenburg,EDM,C,0
Harrison Brunicke,PIT,D,0
Quinn Hutson,EDM,RW,0
Tyson Gross,CGY,C,0
Dominic Toninato,CHI,C,0
Kurtis MacDermid,OTT,LW,0
Anton Blidh,NYR,LW,0
Steven Santini,TBL,D,0
Dysin Mayo,CBJ,D,0
Caleb Jones,PIT,D,0
Dennis Gilbert,OTT,D,0
Patrik Laine,MTL,LW,0
Keaton Middleton,COL,D,0
Joona Koppanen,PIT,LW,0
Alex Barre-Boulet,COL,C,0
Jonas Rondbjerg,VGK,RW,0
Cameron Crotty,OTT,D,0
Patrick Giles,SJS,RW,0
Alexander Romanov,NYI,D,0
Arthur Kaliyev,OTT,RW,1
Philip Tomasino,PIT,RW,0
Victor Soderstrom,BOS,D,0
Mitchell Chaffee,TBL,RW,0
Brendan Brisson,NYR,C,0
Maxim Groshev,TBL,D,0
Matt Kiersted,MIN,D,0
Justin Robidas,CAR,C,0
Ethan Del Mastro,CHI,D,0
Tristen Nielsen,COL,C,0
Luca Del Bel Belluz,CBJ,C,0
Isaiah George,NYI,D,0
Maveric Lamoureux,UTA,D,0
Danil Zhilkin,WPG,C,0
Adam Engstrom,MTL,D,0
Cole O'Hara,NSH,RW,0
Ludvig Jansson,FLA,D,1
Jared Davidson,MTL,C,0
Hunter McDonald,PHI,D,0
Ivan Ivan,COL,C,0
Parker Ford,WPG,C,0
David Reinbacher,MTL,D,0
Aydar Suniev,CGY,LW,0
Dmitri Simashev,UTA,D,0
Felix Unger Sorum,CAR,RW,0
Florian Xhekaj,MTL,LW,0
Michael Brandsegg-Nygård,DET,RW,0
Mikulas Hovorka,FLA,D,0
Victor Eklund,NYI,RW,0
James Hagens,BOS,C,0
Brady Martin,NSH,C,0
Luke Haymes,TOR,C,0
Dmitry Kulikov,FLA,D,0
Garrett Wilson,PHI,LW,0
Justin Dowling,NYR,C,0
Andrew Agozzino,UTA,LW,0
Derek Forbort,VAN,D,0
Dylan McIlrath,WSH,D,0
Kevin Gravel,NSH,D,0
T.J. Tynan,COL,C,0
Joseph LaBate,VAN,C,0
Erik Gustafsson,DET,D,0
Matthew Benning,TOR,D,0
Jaycob Megna,VGK,D,0
John Hayden,SEA,C,0
Mason Geertsen,BUF,LW,0
Jordan Oesterle,NSH,D,0
Andreas Englund,NSH,D,0
Bokondji Imama,PIT,LW,0
Hayden Hodgson,OTT,RW,0
Dryden Hunt,CGY,LW,0
Anthony Richard,PHI,C,0
Lane Pederson,PHI,C,0
Boris Katchouk,TBL,LW,0
Riley Stillman,EDM,D,0
Jacob Moverare,LAK,D,0
Michael Pezzetta,TOR,LW,0
Dylan Coghlan,VGK,D,0
Zack MacEwen,NJD,RW,0
Justin Danforth,BUF,RW,0
Jack Studnicka,FLA,C,0
Skyler Brind'Amour,CAR,C,0
Sheldon Dries,DET,C,0
Michael Callahan,BOS,D,0
Liam Foudy,NYI,C,0
Adam Ginning,PHI,D,0
Josiah Slavin,CAR,LW,0
Rafael Harvey-Pinard,PIT,LW,0
Brett Leason,WSH,R,0
Raphael Lavoie,VGK,C,0
Simon Lundmark,TBL,D,0
Domenick Fensore,CAR,D,0
Ryan Johnson,BUF,D,0
Henry Thrun,TOR,D,0
Ville Heinola,WPG,D,0
Samuel Poulin,PIT,RW,0
Jakob Pelletier,TBL,LW,0
Nathan Légaré,NJD,RW,0
Matej Blümel,BOS,RW,0
Hunter Skinner,STL,D,0
Jacob Gaucher,PHI,C,0
Connor Mackey,NYR,D,0
Brett Berard,NYR,LW,0
Roby Jarventie,EDM,LW,0
Bogdan Trineyev,WSH,RW,0
William Villeneuve,TOR,D,0
Ronan Seeley,CAR,D,0
Isaak Phillips,WPG,D,0
Rory Kerins,CGY,C,0
Trevor Kuntar,BUF,C,0
Nils Aman,VAN,C,0
Ryan Tverberg,TOR,C,0
Daniil Miromanov,CGY,D,0
Walker Duehr,WPG,RW,0
Dylan Duke,TBL,LW,0
Xavier Bourgault,OTT,RW,0
Tristan Broz,PIT,C,0
Tyson Hinds,ANA,D,0
Joshua Roy,MTL,RW,0
William Stromgren,CGY,LW,0
Carson Lambos,MIN,D,0
Nikita Chibrikov,WPG,RW,0
Carter Mazur,DET,LW,0
Ty Murchison,PHI,D,0
Topias Vilen,NJD,D,0
Shane Lachance,NJD,LW,0
Taylor Makar,COL,LW,0
Marc McLaughlin,NJD,C,0
Seamus Casey,NJD,D,0
Jack Devine,FLA,RW,0
Jorian Donovan,OTT,D,0
Nathan Gaucher,ANA,C,0
David Jiricek,"MIN,PHI",D,0
Aleksanteri Kaskimaki,STL,C,0
Owen Pickering,PIT,D,0
Marshall Rifai,TOR,D,0
Georgii Merkulov,BOS,C,0
Kenny Connors,LAK,C,0
Abram Wiebe,CGY,D,0
David Spacek,MIN,D,0
Xavier Parent,NJD,C,0
Luca Cagnoni,SJS,D,0
Luca Pinelli,CBJ,C,0
Brayden Yager,WPG,C,0
Jason Polin,COL,RW,0
Cole McWard,NYI,D,0
Jett Luchanko,PHI,C,0
Sam Morton,CGY,C,0
Kai Uchacz,VGK,C,0
Braeden Cootes,VAN,C,0
Viking Gustafsson Nyberg,MIN,D,0
Jake Livanavage,PIT,D,0
